Teks Komentar,Stance,
udh bener di UGM aja lah,Neutral,
"jurusan hukum ❎
praktek hukum ✅",Neutral,
"Ini masalah rusaknya moral, bukan hal yang sepele, Emoji tertawa sebaiknya dikurangi untuk masalah seperti ini, apalagi emoji tertawa dapat menghilangkan empati kepada para korban",Advocacy,
DO aja semuanya,Advocacy,
Usut tuntas proses hukum dan pecat mahasiswa bejat,Advocacy,
"Apakah merupakan bagian dari RITUAL SETAN klub elit di lingkungan tsb??? 

FREEMASON mmg telah lama MENANCAPKAN PENGARUH di lingkungan pendidikan. 

Mereka BERUSAHA merekrut calon2 pemimpin masa depan.",Neutral,
Pd tenang semua y mrk nanggepin pertanyaan,Neutral,
publikasikan indentitas mreka        tandai mukanya  black list smua kegiatanya         smua instansi negara dan swasta  jngn ada yg mau trima mreja kerja.    Buat efek jera kpd yg lain    b8ar negri ini tertib,Advocacy,
emg kenapa aku belum tau berita nya,Neutral,
omon2 doang,Neutral,
​@joyodiningrat9301tremor aku saking kawatir nya punya ank remaja jaman sekarang,Neutral,
aamiin yaAllah 🤲,Neutral,
kasus pelecehan di fhui kak,Neutral,
​@farizghifari4456ah percumalah ngomong kawal kiwil motor mbg. Semua yg terkait mbg sudah diamankan. Mbg yg jelas2 ngaco sudah lebih setahun lancar jaya.,Neutral,
Pecat ini UI universitas yang digadang gadang bagus,Advocacy,
menjaminlah,Neutral,
dih 🤣 fix bkn ank itb 🤣🤣,Neutral,
ada rekaman live kemarin ga si?,Neutral,
"yg cepuan juga pelaku kocak, itu juga dia ngespill krna ketauan dan dipaksa pacarnya. tetap aja ujungnya wanita yg melindungi wanita. dan inget para pelaku minta maaf krna ketauan, bukan krna merasa salah dan menyesal.",Supportive,
"korban nya emang siapa aja kakak? maaf nanya, soalnya ga tau apa2",Neutral,
"gw ga fokus sama kasus nya,tapi lebih fokus sama si abang yg ngomong nya, pinter banget jirrr cara ngomongnya 🥰🥰",Neutral,
iya kak kecewa sama jarwo,Neutral,
duhhhh emane tinggal setahun,Neutral,
"ui di ganti lah jadi udjgbl
biar makin panjang",Neutral,
kasus pelecehan,Neutral,
Baru jadi pejabat dilingkungan kampus udh berani mesum ga takut hukum gmn kl udh jadi pejabat pemerintahan parah ????!!!,Advocacy,
"itua ber, sedih bgt",Supportive,
p4l4c4han kk,Neutral,
"@be happy forever: ternyata bener yaa, pendidikan tidak menentukan pola pikir manusia.",Neutral,
Ustad-ustad dan Gus juga banyak yg moralnya aneh😅,Neutral,
apa susahny di baca bg,Neutral,
ga terlalu gitu tapi termasuknya tetep ikut nimbrung kak dan ga berusaha ngingetin atau berhentiin temen” nya kalo itu salah,Neutral,
Betuuulll.. mukanya kliatan baik dan kalem tp kelakuannya bejat.. hiihh.. serem,Supportive,
semalem ngelewat terus live nya kirain lagi kumpulan mahasiswa😭😭,Neutral,
*Indonesia Indonesia.*,Neutral,
Andovi yang ngomong tapi gw yang hah heh hoh,Neutral,
"ada kakak yg emosinya mewakili up vt kak, harusnya you'll see in ur fyp very soon 😭",Neutral,
kk ny danu asisten dosen fh ui...,Neutral,
"BLACKLIST UI..
KASUS MAHASISWA TENGGELAM AJA, GAK JELAS.
MASA DI UI GAK ADA CCTV",Advocacy,
dari banyaknya hal di dunia ini mereka cuma fokus ke selangkangan doang,Neutral,
iyhh ihkk knp iniii,Neutral,
Ya elaaah ke arab luu gak usah di Indonesia,Neutral,
itu mereka chatan di grup? gmn bisa kerajaan? aku kurang tau ceritanya😁🙏,Neutral,
"Hancur UI  
Astagfirullah hal Adzim",Advocacy,
"byk gunanya salah satunya bisa menghukum yg benar,membela yg salah.atau berlomba2 masuk parpol,JD penguasa,trus ngerampok",Neutral,
INDONESIA CEMAS,Neutral,
itu paling cuma ekor ekor ny doang wwkkww. anggota inti BEM UI nya gak ada yg nongol,Neutral,
Bodo amat malah fokus ke itu,Neutral,
Ngomong apa si?,Neutral,
ada apa ??,Neutral,
maaf nya tidak tulus tuh,Advocacy,
"iya yg cukup transparan sama kasus SA masih ui. kampus PTN lain malah masi melindungi pelaku dan menghukum korban, sedih tp kenyataannya begitu",Advocacy,
Buat bisa masuk kantor dpr sih kebanyakannya,Neutral,
"ipb juga barusan pada speakup tuh kak, sama parahnya juga anjir",Advocacy,
Do itu apa ka,Neutral,
"ohhh, ok thx infonya👍",Neutral,
Jawabannya sama semua minta maaf atas kesalahan tapi kagada yg mau sebutih kesalahan detailnyaaa bjir🤣🤣🤣 sampai jam 4 gw nonton,Advocacy,
"​@BayuWirgiawan-vn1xwdulu rektor UI komisaris BRI. Mulyono yg ngangkat. Loe dach, 😅",Neutral,
"gada dosen dalam group tsb,yg ada dosennya jadi korban pembahasan mereka",Neutral,
lagi sibuk ngirim proposal buat gerakin demo politik,Neutral,
"pertanyaan yg sangat dungu. ibarat kata suami mau pindah kewarganegaraan, trus tiap hari lihat kasus berita pelecehan. apakah setelah lihat itu dia masih mau pindah kewarganegaraan?",Advocacy,
"di DO truz diproses hukum seadily adily tnp mndang spapun jbtan diblkangy...hrus tranfaran hukum berlaku biar jera, jujur,ak sbgai ortu dri dlu blm bsa msuk UI mga ankk tpi dgn kasus ini,ak g mau masukin ankk dikmpus ini.",Advocacy,
"@ihwatiriskiya8947 Jurusan ape dulu? kalau jurusan pasaran, anak saya juga mampu. Skrg dia kuliah di kampus lain IPK nya tinggi dapat beasiswa, sekarang jadi Asdos.",Neutral,
tausa ragukan me dong lolos maso UI tu😔,Neutral,
antemono kakk,Neutral,
"jdi mreka itu kyk ada grup chat gitu nahh di dalem grupnya itu merka sering ngomongin cewek"" pake kata"" melecehkan gitu loh. dosennya juga diomongin",Neutral,
"Ada yang infokan nama-nama mereka (RanaFilm)
SAY THE NAME PELECEHAN
1. Simon Patrich Bungaran Pangaribuan
2. Muhammad Valenza Rabbani Putra Harisman
3. Irfan Khalis
4. Munif Taufik
5. Keona Ezra Pangestu
6. Dipatya Saka Wisesa
7. Muhammad Ahsan Raikel Pharrel
8. Mohammad Deyca Putratama
9. Danu Priambodo
10. Reynan Fayyaz Rizal
11. Muhammad Nasywan Azizullah
12. Muhammad Kevin Ardiansyah
13. Rafi Muhammad
14. Nadhil Zahran Fernandi
15. Anargya Hay Fausta Gitaya",Advocacy,
"waduhhh ketinggalan, aku jam 12 udah ketiduran😭🙏",Neutral,
​@malakatan3235wajibkan yang utama mengenal ALLAH SWT dan Rasul-NYA,Neutral,
"sekolah tinggi-tinggi, calon penegak hukum tapi melanggar hukum!!! nggak merasa bersalah karena punya bekingan, dan power!! selagi ada beking dan power! hukum bisa dibawah kendali.. tumpul ke atas, lancip ke bawah.. tragissss!!!
minta maaf krna takut digebukin massa sampe metong!!",Advocacy,
"Ini sama ajA KASUsnya sama anak Undip yg bunuh diri itu,, Timothy kalo ga salah.....JD satu grup lagi ngomongin kasus Timothy dan dalam grup kan banyak banget membernya,,, JD ada yg jahat yg screenshot..dan disebar .makanya mendingan left grup atau silent reader jika diinvite tp ga cocok dgn obrolannya...skrg tuh jgn bangga gaul gaulan gitu...diinvite ke grup bangganya minta ampun... Tp kita JD tau karakter orang siy...mending ga usah gaul gaulan...intinya kalo mau aman ,, 1 pilihannya: pilih silent reader atau left grup... Lagian di grup atau temen2 yg ada di grup cocok dan baik buat kita... Intinya kalo kata hati kita bilang left grup.. left grup aja deh...karena kdg kadang kita suka keceplosan siy.. tau2 ngomong si A... Sudah ngebahas sampe dalam banget..... Percakapan yg seharusnya  hanya bisa kita ungkapkan ke sahabat kita... Orang yg bisa kita percaya utk Mengeluarkan uneg2 kita ya sahabat kita... Atau kucing juga bisa... Atau nulis jurnal bersyukur dan jurnal mengeluarkan emosi... Temen Lo yg kau kira selevel, sepadan Ama elo belum tentu cocok Ama elo.. bisa jadi dia nusuk dari belakang...mulai skrg pilih2 temen.. temenmu adalah surgamu, keberuntungan dan rejekimu...dan itu temen yg baik yg sudah kita rasakan manfaatnya,,,tp jgn dimanfaatin... Yg penting Lo bahagia, tenang, damai jika berada di sisinya...",Neutral,
juicy luicy jugaaa 💔,Neutral,
"kasus kekerasan seksual mahasiswa fhui, kamu search aja",Neutral,
"kasus pelecehan mereka itu tergabung dlm group namanya basecamp (apa gitu lupa). di group trsbut chat mereka ngomongij soal cwe cwe kampus. omongan yg jorok, seronok, melecehkan wanita, bahkan dosen wanita pun mereka lecehkan. pelakunya 16 orang mahasiswa Fakultas Hukum semua. yg 2 orang turun duluan ngadepin semua mahasiswa yg ngumpul disana dr jam 5 sore ampe dini hari jelang shubuh. krn blama nungguin yg 14 orang pelakunya dilindungi/dihalangi orangtua mereka di lantai atas agar tidak turun tuk bertanggung kawab dan minta maaf. jdlah membuat semakin lama dan semakin emosi para mahasiswa/i disana",Neutral,
Diblacklist  aja ini org2 .. Gilaa kalo udah dewasa jadi apa org2 ini dengan pikiran cabul .. FH UI loh .. Kasianbanget orgtuanya .. Emanglebih penting adab drpada ilmu,Advocacy,
"Miris melihat situasinya. Mohon para pihak turunkan emosinya. Jika masih bisa dibina, kenapa harus dibinasakan.",VictimBlaming,
Orang tua terpandang dan banyak uang anaknya jadi raja di kampus UI,Neutral,
"tapi sayang ya kak, harusnya tempat buat bertumbuh bikin rasa nyaman, tapi malah dirusak sama manusia berhati iblis",Supportive,
"Kalo korban malah di salah kan, maka g heran di masyarakat sekarang hal serupa beredar. Orang akademisi hukum nya aja kek gini. Sekelas UI pula lagi.",Supportive,
pembicaraan tntabg pelecehan ka katanya,Neutral,
belajar hukum apa mesum neh,Neutral,
"Menurut aku ya justru kalau mereka tidak DO maka pdgn org ke kampus tersbt kurg baik karna tidak bisa TEGAS dgn HAL HAL seperti ini, bisa saja hal ini terulang kembali, kalaupun akreditasi turun setidknya calon mahasiswa atau mahasiwa yg semntra kuliah bisa merasa AMAN itu bukti kampus trsbt bisa mengambil keputuan yg SEADIL ADILNYA",Advocacy,
"Hasil didikan TERBAIK dari tenaga PENDIDIK TERBAIK d INDONESIA,(calon PEJABAT MASA DEPAN)menuju indonesia EMAS 2045,BRAVO  INDONESIA",Neutral,
Ayoo kuliah di PTKIN supaya mendapatkan pendidikan Akhlak ❤️,Neutral,
"A'uudzu billaahi minasy syaithonir rojiim..
Selalulah..berlindung kpada Allaah dari upaya setan menjerumuskan manusia..😊",Neutral,
Unima seharusnya bikin forum ginii🥹,Neutral,
aamiin ya Allah yarabb,Neutral,
hah?periksa mata deh,Neutral,
pendidikan tidak menentukan pola pikir manusia.,Neutral,
"@s: tp bikin mereka sadar bahwa perlakuan mereka bisa bikin populasi marah :( mungkin stop nyalahin reaksi orang dan salahin pelaku nya aja.. gapapa marah, dengan marah kita jadi stay true to our emotion",Supportive,
kakk sama lagi😭,Neutral,
"Begini mau menjadi praktisi hukum? Makin hancur ini negara, do kan sj mereka",Advocacy,
"Aamiin, semangat kak!!!",Neutral,
"jangn takut syangg,laporkan bila ada yg seperti itu",Supportive,
pulang lu dicariin isal 😭😭,Neutral,
Kata dosen nya gabisa sembarangan do kak. ak nonton live nya jam 2 pagi,Neutral,
Fakultas hukum UI lagi .kendatipun bersifat guyonan tetapi kalau sudah sampai ke mesum itu sudah tidak pantas .dan harus di DO dan harus mempertanggungjawabkan didepan hukum pengadilan negeri,Advocacy,
amin kak doa terbaik yaaa🥰,Supportive,
jadi mereka bikin group chat khusus buat pelecehan gitu kah?,Neutral,
Di DO aja sbg hukuman bagi mrk.. masih banyak mahasiswa2 lain yg lbh baik pastinya dan LBH ber adab,Advocacy,
"Orang melanggar hukum dimintain maaf ,fasal berapa itu.",Neutral,
Pendidikannya tinggi tapi adabnya sangat rendah.,Neutral,
SEMOGAA LANCARR YAA KKAAAA 😻,Neutral,
Itu yg kalian banggakan UI....kalau koa2 mengkritik kaya Iya aja....nyata nya parah...,Neutral,
"Lu cari tau dulu masalahnya, kalo udah tau semua dan lu masih nanya salahnya dimana then I don't need to explain more, it'll be a waste of time to",Supportive,
"@Nab Nab:@icach4_111: itu mrk ada grub mlchkan mahasiswa ui yg pdhal mrk juga mhsiswa disitu, mrk bilng mrka punya kuasa di kmpus itu bhkan bukan mhsiswa aja yg mrk bhs di grup itu ada dosennya juga, bnr bnr sakit dh",Supportive,
"parahnya lagi di 2026 aja FHUI ini udah keseret 3 kasus. 2 kasus dari alumni, dan 1 kasus ini. harus audit besar2an sih",Advocacy,
uda gtu pake ktwa sgla lg,Supportive,
"katanya besok datang lagi untuk finalisasi kak semoga berhasil ya kak doain lagi ya kak, semuanya juga terima kasih banget doanya ya 🙏🙏🙏",Neutral,
kekerasan seksual alias pelecehan,Neutral,
saya sebagai dosen UI kecewa,Neutral,
"Nggak ada demo sepi 
Akhirnya ketahuan busuk nya
Mana yg biasanya teriak atas nama Rakyat...
Akhirnya Tuhan menunjukkan
Kebusukan mereka.
Kampus harusnya malu dan mundur merasa gagal mendidik mahasiswa nya.",Advocacy,
knp korban ga lapor polisi,Neutral,
"apalah dikit2 dilihat muka Mulu, aneh",Neutral,
"stres,dia aja blunder kakk di x",Neutral,
"kyanya emng baru rame lgi,ini jga baru tau dri ig",Neutral,
mereka datang aja harus di nego dulu😂,Supportive,
"aku gak sekolah tapi tau adab
bang",Neutral,
untung aku di UT🥰,Neutral,
"Iya sih kalo diliat2 hal spt ini mmg kan sejak dlu dilakukan laki2 PD umumnya. Ngmgin cewek seksi dsb. Bedanya dulu kan ngmg secara lgsg wkt kongkow2, klo ini kan lewat chat jadi ada bukti. Dan grup ini sbnrnya hanya kalangan sendiri ibaratnya grup ghibah. Bukan grup besar yg isinya umum. Maklum lah, ini baru laki2 normal. Justru yg waspada yg gak ngmgin lawan jenis . Bahaya. Berlebihan klo menurutku",VictimBlaming,
Skrg kan UI banyak yg masuk pake uang doank.,Neutral,
"Mereka yang ingin masuk fakultas hukum kedepan wajib di saring suler ketat , kalau perlu sedari bayi sudah disiapkan agar hukum benar benar jadi panglima di negeri kita .",Advocacy,
Ya semuanya harus diungkap baik korban maupun tersangka,Neutral,
Keluarkan merrka semua yang terlibat,Advocacy,
kenapa nyariin korban lis?,Neutral,
PECAT SEGERA,Advocacy,
Tobrut lagi cari keadilan itu pakaian lu juga harusnya di jaga lah bosku😂,VictimBlaming,
"Gilaaaa mahasiswa seperti ini akhlaknya, ancur negara, parah banget mah ini",Supportive,
ini lo beneran ikutin kasusnya gak sih? apa kita ngikutin kasus yang berbeda? 😅,Neutral,
"gak lulus tepat waktu dari ui, yutub gua dianggep remeh sama tv~",Neutral,
GUA SAYANG BANGET SAMA DIKIDOY DAN STELLA COKKKKK😭😭,Neutral,
serius maaf doang?,Supportive,
"Mahasiswi/perempuan manapun serta ibu2 yg jdi korban kejahatan ,pelecehan wajib beranikan bongkar para pelaku .....jangan kalah dengan para pejabat yg dgn bangga korupsi uang negara/uang rakyat 👍👍",Supportive,
"nihh kevin, ekspresinya kaya gada rasa bersalah bgt pas minta maaf",Supportive,
ya Alloh ngeri yah???semoga anak dan keluargaku di jauhkan dari hal hal buruk😭😭😭,Neutral,
pentingnya ngasih makan anak dengan uang halal.,Neutral,
dunia ini terlalu banyak laki laki dibanding pria,Neutral,
"baca dulu komen gue yg lain, baru boleh komenin gue",Neutral,
@rage gakuattt,Neutral,
Tolong DO dan blacklist dari seluruh universitas di indonesia😊,Advocacy,
​@juvechelsea1601  ada 16 orang disidang karena melakukan pelecehan secara verbal di group chat,Neutral,
"maaf tpi lucu bgttt, buru' spy bisa ikut ngatain😭",Neutral,
ya ngakalin HUKUM lah🤣🤣🤣,Neutral,
orang tua korban kan mkstnya??,Neutral,
"pelaku di minta ngomong, pas ngomong disorakin, diteriakin. jd bingung mau denger yg mana. 😭 sayang waktunya.",Neutral,
"Emang hrs di DO sih soalnya klo nggak, tau² ada yg ngracun mereka di kampus 😅 Ingat, sakit hati seseorang bisa memicu perbuatan yg nekat.",Advocacy,
"Susah2masuk PTN....kok jadi kaya gitu doang...mending kasih kesempatan tuh buat anak2 yg beneran serius mau sekolah, jauh dari pergaulan jorok",Neutral,
"justru itu dia ngerasa aman karena ada kuasa di hukum , jadi bebas mau ngelakuin hal"" melnceng , menurut gua gitu karena kebanyakan elite""/pemegang hukum yg sllu ngelakuin hal"" kaya gitu",Advocacy,
Ternyata berpendidikan tinggi ngga menjamin attitude dan pola pikir yang baik,Neutral,
"Ya Allah lindungilah Anak2 ku, Aamiin",Neutral,
"mereka buat grup chat buat ngomongin badan perempuan, ngomongin pelecehan yg mereka lakuin ke perempuan juga, isi pembicaraannya bahkan ada dosen juga dan teman terdekat pelaku",Neutral,
Zoom call live ? Lah bagaimana siy? Harusnya kan cuma ngomongin di belakang kalo mau ng... JD pas zoom call banyak orang dong yg liat... Kirain cuma 16 orang aja..tp ini masih belum jelas kronologinya... Kutunggu sampe clear,Neutral,
Akibat dari mata pelajaran P4 dihapus DARI mata pelajaran di sekolah MAUPUN Mahasiswa rusaknya MORAL BANGSA INDONESIA KEDEPAN akibat REZIM JOKOWI menghapusnya..,Neutral,
"Kuliah di Fak.Hukum di perguruan tinggi papan atas dinegri ini, tapi kelakuannya memalukan....
Ingat ortu kalian akan malu seumur hidup",Supportive,
@diggiedaw @:b @Σ(￣□￣,Neutral,Neutral
Trs yg dilecehkan siapa iiniii...bukan Ryan kan😂😂❤,Neutral,
"pendidikan sama adab harus beriringan, jangan cuma mengedepankan salah satunya",Neutral,
"Predator sudah masuk ke kampus yg katanya terbaik di Indonesia, ironisnya dari fakultas hukum yg seharusnya mahasiswa-mahasiswa itu sangat paham dan patuh dg hukum. Semoga UI bersikap tegas utk memecat para pelaku dan juga memprosesnya secara hukum.",Advocacy,
pelaku nya?,Neutral,
"Miris.... UI kampus ternama tercemar dgn nama 16 org pelaku, merasa anak pejabat dan kebal hukum",Supportive,
abt sx intiny,Neutral,
ga ada muka bersalahnya anjiiir,Supportive,
"sick bgt sumpah, bukan mahasiswi dan dosen doang, bahkan sampai keluarga mereka sndiri🥀",Supportive,
"Harus diusir dari Fakultas Hukum, dan terlarang masuk fakultas hukum universitas manapuni secara nasional. Bayangin klo belajar Hukum malah doyan melanggar Hukum, mau jadi apa mereka?",Advocacy,
YANG BEGINI MAU JADI AHLI HUKUM ???!!!! DO !!!!!!,Advocacy,
"Memalukan  Mudah2 an  di keluarkan  semua  mahasiswa yg terlibat ,Aamin",Advocacy,
Gagal kuliahnya dong.,Neutral,
pindah haluan aja Bu ke Undip,Neutral,
"tongkrongan cowok bukannya rata rata gitu ya, kadang ngomongin yang gak jauh jauh dari itu memang, mungkin ini bedanya di chat aja",VictimBlaming,
"dikidoy respect gw sama dia, sampe aslam tapi tetap lanjut live",Neutral,
se ga aman itu kah wanita dimana pun🥺,Supportive,
Ini apa guys? Program dari kuliahnya kah?,Neutral,
"Maksud.a down fall twh apa yaa??
Kok bsa semarah itu??",Neutral,
"itu baru yg ketahuan, bayangin kalo masih ada, cuman ga ketahuan aja + ga buat grup",Supportive,
Knpe ini gue ketinggalan berita,Neutral,
"tmnnya sendiri btw, ada di grup jg",Neutral,
"Gw bru tau hr ini brtita ini, awal mula nya gmn sih please gw jd bingung dgrnya 😢",Neutral,
"INILAH CALON PEMIMPIN JAHAD MASA DEPAN BANGSA 

LANJUTKAN 🎉🎉

MUSIBAH NEGRI KITA INI 🇮🇩",Supportive,
temen nya nihhh curiga,Neutral,
yg waras dikit,Supportive,
gue Kayak Pernah Nonton Film Si Jefri Nicol Dah Sama Percis Kayak cerita Ini,Neutral,
"Mahasiswa FH dan belajar hukum, tapi main hakim sendiri.",Supportive,
"😭 Mula mula aku tak faham kes nii, hah lama lama dah fahamm😭💔💔💔 sedih laaa weiii dorang belajar undang ii kott😭💔",Neutral,
judul nya apa kakk,Neutral,
"@finda:mereka msh di bawah naungan ui fakultas hukum, calon lawyer indo makanya hal buruk dikit aja bocor pasti heboh, karna bisa bikin jelek nama fakultas dan univ",Neutral,
ini live jam berapa sih,Neutral,
jam 3 gua nonton gua pikir pada ngapain ini kok sekolah jam segini tapi mata gua dah sepet dan gua molor eh bangun liat berita gini rame bgt,Neutral,
"Cuma dipertontonkan, gak di DO? 😂",Advocacy,
"banyak, mending salahin pelaku gak usah nyari korban",Supportive,
justru mereka belajar hukum biar bisa cari2 celah dalam hukum wkwkw,Supportive,
Pinter tapi ga beradab,Supportive,
Yang menghakimi justru terlihat arogan dan merasa suci... Itu aja pendapat saya melihat situasinya...,VictimBlaming,
"Gak ada point ? Nih gua kasih tau, point yg dia bilang : SEBAGAI FAKULTAS HUKUM TERBAIK DI INDONESIA, UI HARUS BERTINDAK DENGAN BENAR ATAS KASUS INI KARENA PASTI ADA TEKANAN DARI ORG TUA MURID YG DIMANA ORG TUA MURID ITU “ORG PENTING/PEJABAT” KALO SAMPE UI TIDAK MENGAMBIL LANGKAH PENYELESAIAN YANG TEPAT BERARTI ADA YANG SALAH DENGAN HUKUM DI INDONESIA. SECARA FAKULTAS HUKUM TERBAIKNYA TIDAK MEMBERLAKUKAN HUKUM DENGAN BENAR, ADIL DAN TRANSPARAN. Masa gitu aja lu ga ngerti?",Advocacy,
Mana sama lagi,Neutral,
Mungkin minta di puji tp dalam hati😂,Neutral,
Ngomg apa si😮. Ma saya g dgr dan g ngerti😊,Neutral,
Tau kan salah satu gubes nya..... Si paling toleransi😂😂😂😂,Neutral,
untuk abang ini keren banget makasih sudah membela wanita🥺,Supportive,
iya ka aku juga nonton sampe aku rela ga tidur padahal besok sekolah,Neutral,
"Buat yang nanya” ini kenapa? ini kenapa? Pliss guys biasakan cari tau sendiri dulu,itukan biasanya udah ada rekomendasi pencaria,apa susahnya mencet pencarian itu nanti pasti tau kok masalahnya apa. Dibanding kalau kalian bertanya ada yang jawabnya gak serius jadi bikin emosi naik kan?",Neutral,
dr pagi mood gajelass fyp kyk gini kek kitttt bgt ati gue😭,Neutral,
"orng lain berlomba' pgn masuk UI dan meraih mimpinya, sementara mreka yg udh dikasih kesempatan masuk UI mlah semena'",Supportive,
kirain artis😂,Neutral,
jadi sanksi nya apa nih?,Neutral,
Ampe dosen di bicarai kotor aduhh dek dosenmu itu termasuk pendidik tertinggi loh di akademik 😂 miris banget masih muda gini udah punya pemikiran biadab dan kotorr. Dan untuk menjadi calon perwakilan penegak keadilan di Indonesia sangat tak pantas! Bersykur bgt mereka ketahuan waktu saat pelecehan verbal jika tidak bisa jadi fisik kedepannya,Supportive,
Minimal hrs DO. Gilaaa😩,Advocacy,
Kekerasan seksual. Isi grup chat ngelecehin orang termasuk dosen,Neutral,
"Kalau ditarik full dari konteks yang ada, jelas ini bukan sekadar “inside joke beda-beda”, tapi contoh nyata gimana istilah itu dipakai buat nutupin perilaku yang sebenernya udah salah dari awal.
Sekelompok mahasiswa—yang notabene belajar hukum dan harusnya paham batasan etika—membuat ruang sendiri (grup) yang isinya pembicaraan seksual tentang perempuan di sekitar mereka, termasuk mahasiswi dan dosen. Cara mereka ngomong bukan sekadar bercanda biasa, tapi udah masuk ke:
ngeliat perempuan sebagai objek (bukan sebagai manusia utuh),
ngomongin tubuh secara seksual,
ngerendahin,
bahkan bawa-bawa konsep penting kayak consent tapi dipelesetin.
Dan ini dilakukan bukan sekali, tapi berulang, dalam lingkungan yang saling dukung. Jadi bukan lagi “keceplosan”, tapi udah jadi pola.
Nah, di titik ini, narasi “itu cuma inside joke” langsung runtuh.
Inside joke itu harusnya:
terjadi di antara orang-orang yang sama-sama terlibat,
gak nyeret orang lain sebagai bahan,
dan gak merugikan siapa pun.
Di sini? Jelas kebalik. Orang yang dibahas:
gak tahu mereka lagi jadi bahan,
gak pernah setuju,
dan dijadiin objek pembicaraan seksual tanpa kontrol apa pun.
Itu bukan inside joke—itu objektifikasi + pelecehan verbal yang dibungkus candaan.
Terus soal kalimat “makanya inside joke orang-orang beda”—ini sering banget dipakai buat ngehindar dari kritik. Seolah-olah semua bisa dibenarkan karena “selera humor beda”. Padahal enggak. Perbedaan humor tetap ada batasnya. Sama kayak kebebasan ngomong, ada garis yang gak boleh dilewatin: jangan merendahkan, jangan melecehkan, jangan nyakitin orang lain.
Begitu candaan udah:
seksualin orang lain,
ngerendahin,
dan dilakukan tanpa consent,
itu bukan lagi soal selera humor. Itu soal etika dan tanggung jawab.
Yang bikin makin parah, ini dilakukan oleh mahasiswa hukum. Mereka harusnya paham konsep:
martabat manusia,
batasan perilaku,
dan konsekuensi dari tindakan.
Tapi justru mereka bikin lingkungan yang ngebiasain hal sebaliknya. Ini nunjukkin bukan cuma masalah “bercanda”, tapi juga rendahnya kesadaran dan integritas. Ilmu ada, tapi gak dipake.
Selain itu, karena dilakukan dalam grup, ada efek “saling validasi”.",Supportive,
Anda tau penyebabnya ya karna Elitisme dan Drama Sinetron yg menampilkan bullying serta pelecahan sbagai tindakan yg menggambarkan bahwa seorang grup punya kuasa atas nasib dan hak orang banyak drama asia yg memperlihatkan senioritas dan pelecahan sbagai hal yg dilakukan oleh orang yg kuat dan penindas😮,Neutral,
​@sengkarutnegerihadeuh... Rektor sama mahasewanya beda bro... Tau kan mahasewanya yg suka demo bayaran? Pendukung Anis Ganjar bro.. mereka anti jokowi.. sukanya balik fakta smpean,Neutral,
Bikin petisi terbuka  berlaku utk seluruh masyarakat Indonesia utk meminta mrk di DO dan dipajang wajahnya di media sosial... sebagai pelajaran bagi yg lainnya dan bongkar kampus² lain termasuk  yg kwdinasan dan terutama di akpol dan akmil..,Advocacy,
seru bgt live nyaa pliss,Neutral,
Gara2 si ADE ARMANDO..Rusak semua Mahasiswa UI😅,Neutral,
"ceritain dong, gua ketinggalan berita muluu 😭",Neutral,
KAK???IHH😭😭😭😔😔,Neutral,
padahal kampus impian aku itu🙂😞,Neutral,
harus DO!!,Advocacy,
"Di kampus harus nya pake pakaian yg sopan 
Gk harus berhijab, gk harus rok panjang 
Yg penting lekukan tubuhnya tdk terlalu kelihatan 
Soalnya gk semua yg kuliah di situ muslim",VictimBlaming,
klo pengen liat forumnya bisa liat dimana yah?,Neutral,
Gimana tuh bang rasanya beneran downfall?,Neutral,
sumpah samaa 😭,Neutral,
Ah pendidikan doang gede moral ga ada,Supportive,
"Mereka 💩💩💩 itu bukan anak2 di bawah umur. Pria2 dewasa pelaku ""sex harassment"" akut. Pantas dipidana.",Advocacy,
Hmmmm gmn yaaaaa hmmmm,Neutral,
Gantian polisi demo ke ui😂😂,Neutral,
Orang tua mereka pasti' bangga bgt liat hasil anaknya 😂😂😂,Supportive,
UP JUGA KASUS AKSEYNA PLISS ORNGTUA NYA JUGA MSI BUTUH KEADILAN!!!🥺🥺🥺,Supportive,
adalah pokonya🤭,Neutral,
respect mbak mbak sama mas mas itu gak ngeludahin,Neutral,
"sungguh tindakan yang sangat mencemarkan nama baik para civitas akademika fakultas hukum di seluruh indonesia, sungguh memalukan",Supportive,
"Astaghfirullah,,,,ortu banting tulang cari uang untuk membiayai sekolah malah berkelakuan memalukan,,,ya Allah astaghfirullah",Supportive,
nanya Mulu cari taulah,Neutral,
gue sebagai cewe sedih banget si😭😭😭,Supportive,
btw ngapa dah lo fokusnya kesitu?,Neutral,
Kak mereka ini korban kah?,Neutral,
Sama persis para pejabat negara,Neutral,
Sama aj.. Fakultas kalian jg penyumbang terbesar koruptor d indonesia..,Neutral,
kenapa gak sekalian lemparin barang atau botol aqua kedua orang itu biar malu & kapok agar pikiran nya gak cabul lagi..,Supportive,
"angkatan 2023, yg mana ada ketua angkatan jg jadi pelaku nya",Neutral,
"UI punya nama baik, jangan karna membela pelaku dengan alasan yang aneh membuat masalah ini wajar, sanksi tegas pelaku dengan DO dan usut tuntas Agara kejadian serupa tidak berulang",Advocacy,
"masih mikirin ganteng-gantengnya kak? miris! mau se good looking apapun looknya kalo perilakunya bejat ya BEJAT aja kak. ya begini Indonesia. punya kesalahan, tapi goodloking, pasti ujung-ujungnya dibela. udah gak kaget wkwkwk",Supportive,
"baca caption nya ,,😭",Neutral,
"the hell, wow pemikirannya berarti kakaknya mau jadi korban yah",Neutral,
"pelecehan, search aja banyak & bukti chatnya",Neutral,
"Respect UI, Ditunggu kampus lain speak up 🔥",Neutral,
naudzubillah serem😭😭😭😭,Neutral,
"Justru setelah kejadian ini harus masuk UI. Ngga menafikan fakta karena hal - hal spt ini bisa terjadi dan memang terjadi di berbagai lingkungan. Tapi, di UI adalah gambaran yang seharusnya dilakukan— karena di lingkungan kampus lain belum tentu melakukan dan memiliki kesadaran serupa dg warga UI. Kampus lain senyap bukan berarti karena aman tapi memang belum kebuka aja or even worse udah kebuka tapi ditutup rapat. Tidak semua diam adalah aman, ada diam yang mencekam.",Neutral,
duhhhhhh jgn sampe deh merka2 ini sukses🥺🥺,Supportive,
"ngapain kasian ,ortunya orang penting semua itu ada anak polisi",Supportive,
"mending semangatin gua dah cape bgt jd donatur😭, gua ex 2019 skrg lg skripsian",Neutral,
inside jokes go public,Neutral,
bu dosen ga siii yg ikut dbahas ks,Neutral,
lah sama cokk😭,Neutral,
"reall. pantes aja petinggi hukum indo pada plenger, apa kek gini ya modelannya pas masih mahasis 😭",Supportive,
Pecat keluarkan jngan Diterima perguruan tinggi dimanapun,Advocacy,
jgn ke ui Bu banyak kasus,Neutral,
Parah ini UI bikin malu dunia akademisi😂,Neutral,
Gu sebagai anak fh unmuha kecewa sih,Neutral,
udah masuk sctv,Neutral,
tadi ada yg bales komenku.. dosennya dile c e hin juga kak..,Neutral,
"kasus pelecehan secara verbal melalui grup chat kak, jadi ada 16 mahasiswa fh UI yang buat grup (katanya dari maba) untuk ngelecehin perempuan² dengan bahasa yang gila banget. bahkan di chat itu ada nama dosen mereka juga kak, jadi bukan cuman sesama mahasiswa aja. nah, semalem itu sidang perdana mereka kak. kayak ditunjukin ""ini loh muka para pelaku nya"", tapi dari awal yang muncul cuma 2 orang dari 16 pelaku. setelah berjalan cukup lama akhirnya baru yang 14 pelaku lainnya muncul kak, setelah ituu para korban dikasih ruang untuk bersuara kenapa para pelaku melecehkam mereka even mereka ga saling kenal. dan jawaban dari pelaku bener² lebih parah dari jawaban anak sd, ga nyambungg bangett kak dan muterr². nah, katanya hari inii bakal ada sidang lagi buat mereka
itu aja sih ka😊🙏🏻",Neutral,
marah banget jujur ya Allah,Neutral,
"Mahasiswa nya sedang learning by doing, langsung melihat apakah materi sesuai dengan realita",Neutral,
nambah nih jadi 17 org,Neutral,
"🛑🛑🛑  hapus sistem zonasi + larang anak dibawah 17 thn maen medsos ..... Tujuannya, biar bocil fokus belajar, biar dapat NEM tinggi agar bs sekolah d sekolah favorit. Jadi gak sempat maen medsos. Waktunya habis buat baca buku atau ikut Les.",Advocacy,
UI dulu juga punya ketua BEM yg gagah berani terhadap perempuan Sehingga rektor maupun dosen2 UI menyayanginya,Neutral,
ngetik sesuai muka ya bang sip🙏🏻,Neutral,
terimakasih dikidoy,Neutral,
Kalau nggak DO berarti UI hanya mirikin akreditasi unvinya 😏. KAWAL SAMPE DO.,Advocacy,
dikidoy itu member ke 17 dia sama aja,Neutral,
takutttt ☹️udah fase bingung banget mau gimana 😅udah mana gak dukung ekonomi nya:(,Neutral,
"kalau fakultas hukum, mereka yang ngerti dan belajar hukum gabisa menyelasaikan ya berarti kita gabisa berharap sama lagi sama hukum indonesia",Advocacy,
"TOLONG WAJAH PELAKU...DIPAMPANG JANGAN DITUTUPI...BIAR MASYARAKAT TAU..SIAPA""ORANGNYA",Advocacy,
liat dimana video yg dosen itu sih ka? aku ga nemu,Neutral,
@randomPeople 🤣🤣🤣🤣,Neutral,
jujurr iyaa woii😭😭,Neutral,
gila gw ketiduran ampe lupa matiin live nya,Neutral,
"keluarkan saja statusnya dari mahasiswa UI , jangan di pertahankan .. keluarkan .. berbahaya",Advocacy,
"Padahal yah hampir semua mahasiswa cowok tu ada grup grup kaya gini, cuma ya ga ketahuan aja",VictimBlaming,
"Astaghfirullah.... sangat memalukan sekali bikin rusak nama besar almamater UNIVERSITAS INDONESIA.

Mohon Bapak Rektor UI bertindak setegas-tegasnya atas oknum mahasiswa Fakultas Hukum UI yang bertindak tidak senonoh.
Secepatnya ditindak ya Bapak Rektor UI. Thanks a lot Bapak Rektor",Advocacy,
Wajib di DO sebelum jadi pejabat. Bahaya utk bawahannya.,Advocacy,
Emang dia ngapain???? Serius nanya....,Neutral,
"Sama lagi, untung shift malam",Neutral,
bangga banget ya punya diri kaya gitu hebat kali ya bagi diorgg,Neutral,
bg btewe pake hp apa bg😁,Neutral,
kocak amatt hukuman yang paling tepat ya DO,Advocacy,
"Omongan dijaga
Perilaku dijaga
Busana dijaga",Neutral,
orangtuanya pasti kecewa bangetttt💔,Neutral,
"Ngak di laporkan ke polisi? 
Alhamdulillah bersyukurlah anak2 kita yang belajar di tempat lain, tidak terkena buruknya almamater ini",Neutral,
pecat dan keluarkan...,Advocacy,
"please bahas ini juga!!!!!!! sebagai orangtua seharusnya kasih contoh yang baik... ayolah,,,, mau jadi apa nanti Indonesia iniii 😤😤😤😤",Supportive,
Black list ...tandai jgn sampe kampus lain terima,Advocacy,
gua berani aja kemana² sendiri survive hidup sendiri yg bikin takut ni ky gini anjir pelecehan dmn2 :),Neutral,
Katanya di DO,Advocacy,
"d tunggu part 2.....
DEWAN KEHORMATAN UNIVERSITAS INDONESIA 🇮🇩🇮🇩🇮🇩🇮🇩🇮🇩🇮🇩🇮🇩🌏🌏🌎🌍🌍🌍🌍🌎🌏🌏🌏🌏",Neutral,
mereka pada pinter ngomong smua jir anak hukum😭,Neutral,
"kasihan juga mereka kalau sdh begini, bagaimana perasaan orang tua mereka melihat ini 😔😔",Neutral,
"Fakultas hukum lho, harusnya dihukum dobel sih",Advocacy,
Ngising ngisingi kampus lo lol..jg mahasiswa yg tau ap ap pasti kena getahnya..,Neutral,
Semoga sukses y bund 🥰🥰🥰,Neutral,
Harusnya bgtuh. Jng di pakein masker. Contoh ituh dong.,Advocacy,
pelecehan seksual lewat grup chat WA ke mahasiswi bahkan dosen,Neutral,
kasian Nama Fakultas Hukum nya Padahal Fakultas no 1 sebagai Contoh yg baik tolong 🥺,Neutral,
​@random_123-o3vga ngerti nya dimana kak? sini tak jelasin xixixi😊,Neutral,
Berilmu tapi tak beradab tak berakhlak..memalukan.,Supportive,
Lihat aja pihak UI berani pecat nggak anak pejabat,Advocacy,
Lebay pengen virall..saya ingat di pengang dll .tungu wanita tu KLO ngomong kotor terus kasi laporkan,VictimBlaming,
"ga ngerti...,tlat gua",Neutral,
Gak tau apa yg dimaksud,Neutral,
kerja dl aj dek .. jangan lupa tetep andalkan Tuhan,Neutral,
Pelecehan verbal kak,Neutral,
SAMPEE JAM SET 3 BUSETTT,Neutral,
"bener, songong bgt jalannya",Neutral,
wajib dikeluarkan 2 monyet itu dari UI kalau enggak anda lapor polisi.....bahaya kalau masih kuliah di fakultas hukum.....apalagi UI....bisa2 setelah lulus makin banyak korban yang akan terjadi.,Advocacy,
semangat kaka2 perempuan disana🥹,Supportive,
😭😭😭jahat banget kalian ..kalian pasti punyaa adek perempuan kakak perempuan seorang ibu kalau adek kakak ibu kalian yg di gituin trima nggak haaah,Supportive,
"lsraeI 😎 🇮🇱 ❤️ sebagai rektor tertinggi di dunia dan penemu internet hadir Memantau,  para mahasiswa dan pihak lainnya yang gemar melakukan pelecehan di lndonesia",Neutral,
"serius bro?
padahal di dunia kerja bos""suka ngejadiin anak buahnya lonte, ini cmn chat"" gtu doang?
aokwoakowk",VictimBlaming,
Kurang ajar itu.. hajar saja..,Supportive,
Tujuan pendidikan adalah untuk meningkatkan pengetahuan dan perbaikan moral,Neutral,
Sebanyak itu kah yg dlm grup😭,Neutral,
haduhhh gbsa bayangin😭😭,Supportive,
film KEADILAN pemeran Rio Dewanto kmarin tayang. mari kita lihat kasus ini smpai selesai😅,Neutral,
"Fakultasnya bagus 
Mahasiswa nauzubillahuminzalik",Supportive,
pergaulan ini faktornya... bukan kesana,Neutral,
"Bagus, liatin muka muka mereka !",Advocacy,
"maaf kalau salah, tapi tadi sempet ada baca komen, itu grup awalnya isi 30 anggota terus jadi sisa 16 nah salah satu anggota yang udah keluar dari grup itu punya pacar (perempuan) dan dibaca lah sama si perempuan itu terus si cewe nyuruh lapor dan kesebar lah itu chatnya. Itu yang tadi aku baca tapi maaf kalau salah ya 😭🙏🏻",Neutral,
"UGM ijazah palsu
UI pelecehan",Neutral,
"lu orang yg mengampangkan, mewajarkan, dan memaklumi kejahatan kah? mau diliat dari sisi mana pun itu sebuah kejahatan yang udah terbukti juga. MEREKA KULIAH HUKUM wajar harusnya pada melek hukum. mereka MEWAJARKAN tindakan ini padahal mereka SEHARUSNYA jadi calon PENEGAK HUKUM.",Supportive,
wahhh... Parah.  Generasi penerus bangsa moralnya seperti itu.  Apalagi kuliah difakultas Hukum diUniversitas papan atas pula.  Ironis,Supportive,
REPTIL HARUN MENTORNYA..😅😅,Neutral,
iya kak kamu lemot.,Neutral,
kalau ntar sudah jadi PEJABAT HUKUM.... Akan ada tukar guling kasus dengan layanan MESUM....DO jalan terbaik,Advocacy,
Nag bebemba,Neutral,
maaf ini kasus apa ya aku blm tau?,Neutral,
16 Calon manusia yg bisa bikin kacow diluar kampus kalo dibiarin keluar.,Neutral,
"main tiktok 24jam, TPI ga tau ada berita apa",Neutral,
smaa kaa🙃🥺,Neutral,
Ku gk ngerti istilah downfal dst 😢,Neutral,
"Wajib DO, DARI UI. MEMALUKAN KREDIBILITAS FH UI... JGN ADA KAMPUS LAIN SELURUH INDONESIA YANG MENERIMA",Advocacy,
bos itu apa?,Neutral,
tetep di UI aja emang bisa ngampus gak bawa muka.,Neutral,
itu korban?,Neutral,
"Fh ui apaan, bukan nya nm universitas nya ui ya knp jd fh ui apa ganti nama kah, emang fh singkatan dari apa klo ui udah familiar artinya universitas Indonesia klo fh apa tuh boleh kasih tau",Neutral,
DO sajalah masa mahasiswa hukum melanggar hukum padahal belum juga masuk dunia kerja,Advocacy,
"Hahahah. Kalau demo kata2nya kaya paling bener eh kelakuannya sampah
Ini baru mahasewa",Neutral,
Sekarang tau kan gmn kualitas penegak hukum di Indonesia??,Advocacy,
"gatau, se kecewa apa kakanya :(",Neutral,
"Bagus juga, diperhadapkan langsung di depan umum dan korban sebagai bentuk sanksi sosial secara langsung di luar sanksi hukum. Seumur hidup orang akan mengetahui, merekam dan mengingat kebejatan mereka.",Advocacy,
"mahasiswa ui, pelecehan verbal",Neutral,
"@── Lihat 1.967 balasan ﹀: @── Lihat 1.967 balasan ﹀:yang ketinggalan sini aku ceritain singkat, jadi ada mahasiswa fh ui yang melakukan pelecehan melalui chat, kalian bisa liat (cari chat mahasiswa ui) korban wanita & ada dosen juga , kurng lebih begitu klo ada salah tolong benerin.",Neutral,
Hukum yg baru sudah berlaku ya harus di proses  hukum,Advocacy,
Memalukan saja,Supportive,
.. Padahal UI loh... Jurusan hukum lagi..yang seharusnya jadi pengadilan eh malah jadi pelaku,Supportive,
"ya Allah maafkan aku, dialog cewenya berasa natural kaya di FTV gitu, semoga semua baik² Sjah semangat",Supportive,
Gunung kembar,VictimBlaming,
Banyak Bang. Kampus negeri ga cuma UI yg begini. Kampus kampus top lain banyak yg bejad juga n dari dulu,Neutral,
Artinya si pelaku ini berfikir kalo korban malah stuju di “gituin”,Neutral,
sexual harassment (verbal) in #1 top uni (UNIVERSITY INDONESIA) and in ((((Law Faculties)))),Neutral,
"ini fakultas hukum wkwkwkwkw, wah parah ini makin gk karuan hukum di indoneisa ke depan nya kalau 16 orang ini lanjut wkwkwkwkwk",Advocacy,
ah gak usah dibesar besarkan.....,VictimBlaming,
"Beneeer, sibuk organisasi waktu habis sok sibuk kesana kemari nilai jeblok",Neutral,
"menurutku keren sih mahasiswanya, ngga semua kampus berani kaya gitu👍",Neutral,
Jokes apasi gila?,Neutral,
mana gntng lagi 🥹,Neutral,
"Mana ini UI, harusnya tegas terapkan  DO mahasiswa pembuat gaduh gini,terapkan semboyan Veritas (Kejujuran) , Probitas (Kebenaran), Iustitia (Keadilan)",Advocacy,
terus kenapa tot,Neutral,
nyesel bgt tidur awal,Neutral,
TOBRUT NGOMONG KEADILAN 😂😂😂,VictimBlaming,
​@smiLe-cg5wj di bunuh di kampus UI itu sdh lama terjadi bahkan saat adekku kuliah di sana hampir setiap tahun ada korbannya. Aku di UGM kalau ada yang mati di kampus paling karena bunuh diri karena di DO ngga pernah ada ceritanya di bunuh orang.,Neutral,
tujuan mereka masuk hukum apaan sii,Neutral,
"Beh beh beh universitas bergengsi kok malah ga bermoral gini mahasiswa nya,  kirain sekolah tinggi kok malah jadi penjahat kelamin, parah parah",Supportive,
Malu bgt sii sekolah pendidikan kerennya tapi otak isinya gitu,Supportive,
"hati"" bun apalagi pergaulan jmn skrng bebas bgt",Neutral,
Ini UI kok buat pengadilan pelaku seperti ini..pelaku harusnya cukup diberi surat DO bukan dg pengadilan terbuka dan dgn makian sprti itu...pelaku juga punya keluarga..cukup silent dan DO sudah kapok itu pelaku,VictimBlaming,
ikutin dong kak aku jg punya narsum yg bisa kasi info A1 😋🙏🏻,Neutral,
"Itukah namanya KKN , UI 😮",Neutral,
mungkin mereka nyalahin UI karena kasus nya kebanyakan di UI kak ketimbang kampus lain. contoh kasus yg hilang 10 tahun aja belum tuntas sampai sekarang,Neutral,
"WKWK KETEBAK, template dan kek mau jawab debat calon osis cuh 😭",Neutral,
Polisi yg salah hukum seumur hidup,Neutral,
Kronologis pelecehan dalam bentuk verbal action atau digital kok rombongan ini,Neutral,
fakultas hukum lo ini ya tuhan,Neutral,
"Inilah akibat orang tua kurang mengajarkan pendidikan moral. Orang tua sibuk dg hp dan pekerjaan sehingga lupa mendidik anak dg moral. Kesalahan anak, kesalahan orang tua dmasa dahulu.",Supportive,
"sedih banget waktu dosen nya bilang ""pas saya lihat grupnya ternyata ada nama saya"" 🥹🥹🫰🏻 hug jauh buat para korban 🥹🫰🏻",Supportive,
"tetap ada lah hubungannya dengan universitas, selama ini gimana peranan universitas ko ada mahasiswanta melakukan pelecehan seksual.",Neutral,
Kan katanya demokrasi 😂😂😂😜🤪😛,Neutral,
gw bingung gantengnya darimana coeg 😭,Neutral,
"Jd mereka anak fhui ber16 itu punya grup gitu kak bareng2 aku kurang paham grup apa awalnya krn lagi ga on di x, tp di grup tsb byk bahasan yg kurang pantes soal temennya smpe ke dosen perempuan, kebetulan mereka2 ini punya jabatan penting yg seharusnya sgt menjaga perilaku yg aku blg tadi, kaka sambil search2 lagi aja ya🥰",Neutral,
ks tuh singkatan kekerasan seksual ya?,Neutral,
Insyaallah KLO mereka mau bertobat Allah yg maha pengasih & penyayang Selalu Terbuka bagi hamba nya yg ingin bertobat,VictimBlaming,
"maaf ka aku mikirin banget korbannya sekarang gimana yaa🥺 pasti dia trauma mau peluk korbanyaaa😭😭🥺 jujur sumpah sebagai prempuan pasti semuanya sedih sama korbanya yang selama itu dia bungkam buat engga bilang dan ngerasa takut, hugg jauhh🥺🥺🥺",Supportive,
gpt bgt lho yah😂,Neutral,
miris bgt zaman sekarang😔,Neutral,
"Ini yang di banggakan,sekolah masih di bayar ortu berlagak sudah melebihi segalanya.cara bicara saja sudah tidak ada adab.emah kalau lulusnapa langsung bisa kerja.kelihatan isinya mengalahkan tingkat anak tk.mungkin anak tk masih bisa di atur oleh gurunya.",Supportive,
"Saya juga baru kepikiran. pelaku melecehkan di grup WA tertutup dan privat, tidak ada korban di grup WA itu. Adapun korban justru melecehkan di muka umum dan terang-terangan",VictimBlaming,
"gila, lama banget, keburu tidur kak",Neutral,
Bubarkan fhui gambaran pendidikan gagal Indonesia,Advocacy,
untuk dihukum,Neutral,
Dia mawapresss,Neutral,
"verbal di chat grup, korbannya gak cuma mahasiswa tp sampe ke dosen2nya juga di objektifikasi sm mereka",Neutral,
itu korban pelecehan,Neutral,
ka sama lagi😂,Neutral,
bisa pencemaran nama baik,Neutral,
Iya kenapa sihh apaan? Kirain diperkosa,Neutral,
Ni yg suka dEmo hujat pak prabowo bukan?,Neutral,
"Terapkan aturan islam dalam bidang politik, ekonomi, sosial, budaya, pendidikan dan sisi kehidupan lainnya, Niscaya kekisruhan dan persoalan serupa bisa dicegah. Manusia diciptakan oleh Tuhan Yang Maha Kuasa. Agar tertib dan aman, sudah saatnya manusia mau tunduk dan patuh pada aturan yang dibuat oleh yang menciptakannya. Sebab hanya Dialah yang tahu Persis, dengan cara apa manusia itu seharusnya diatur. Tatanan dasar seluru h aspek kehidupan sudah lengkap diatur dalam Al Quran dan Sunnah Nabi Nya. Tinggal percaya atau tidak dan mau atau tidak. Walloohu a’lam bis showab",Advocacy,
"ada kocak
Jika FH UI(kampus fakultas hukum terbaik se indonesia) tidak bisa menyelesaikan kasus ini, masa depan ketegakan hukum di Indonesia terancam",Advocacy,
maafkan saya kak sbg cowok malu banget sumpah 🙏 heran ya anak fh padahal 😝🥺,Supportive,
ini kalo beneran gak di DO kebangetan si,Advocacy,
"Kalau kasus individual begini pada garang. Menunjukkan penuhnya kemarahan sosial rakyat pada situasi saat ini. Tapi buntu dan mati saat pengusutan kasus pejabat atau pemerintah. Seperti kasus ijazah palsu, obrak- abrik UU demi tambang oligarky atau UU pemilu di bawah umur, kasus antrian kejang2 atau bahkan meninggal akibat vaksin covid sampai kasus menu Embege",Advocacy,
nyeh emg ui jelek tp org org taunya yg jeleknya doang,Neutral,
betul organisai organisasi itu tidak penting baik buat pengalaman atau untuk pembenrukan mental dan karakter katanya. sama sekali ga penting dan ga ngaruh. yg ada malah bisa dapat pengaruh negatif. toh kita sudah ada dalam organisasi terbesar yaitu dunia ini yg akan menggembleng kita.,Neutral,
setuju king,Neutral,
"bukti yg ganteng blom tentu baik but,yg baik udh pasti ganteng",Neutral,
"Hah mana ga paham si kak, mereka buat grup chat buat ngomongin badan perempuan, ngomongin pelecehan yg mereka lakuin ke perempuan juga, isi pembicaraannya bahkan ada dosen juga dan teman terdekat pelaku",Neutral,
"yg paling penting harus tau dulu arti inside jokes. kalo udah ngerti, ini harusnya banyak yg kena masalah sama persis kaya gini. karena yg lain inside jokesnya ga go public.",Neutral,
Yang penting orang yang melanggar hukum adalah orang yang paham hukum,Neutral,
ini yg kelas internasional atau reguler?,Neutral,
"ngomongin mesum rame², pikiran mesum diobral, ga punya malu! pikiran mesum bukannya dihilangkan malah diumbar dijadikan forum! Gila! Kasihan orang tuanya, pasti ngrasa gagal didik anak.",VictimBlaming,
Let us fight to support to eliminate them 🤲🏻🤲🏻🤲🏻🤲🏻 //safe FH UI //lesson of life for all of generations 🤲🏻,Supportive,
setahun lagi tamat yaa,Neutral,
"@Deaalssss:Hah mana ga paham si kak, mereka buat grup chat buat ngomongin badan perempuan, ngomongin pelecehan yg mereka lakuin ke perempuan juga, isi pembicaraannya bahkan ada dosen juga dan teman terdekat pelaku",Neutral,
jadi takut deh berpakaian di luar sana😭,Neutral,
"lsraeI 🙏 😎 🇮🇱 ❤️ sebagai penemu internet hadir Memantau, para mahasiswa, dosen, ustadz dan pihak lainnya yang gemar melakukan pelecehan di lndonesia",Neutral,
aminn bun semoga sehat'selalu,Neutral,
Boong dari maneee gw nontonnya dari papua jam 4 di sini jam 2 disana btw …. 🤪,Neutral,
"Pemerintah segera bertindak utk tutup fakultas hukum UI, krn intelektualnya rusak, moralnya rusak, imannya rusak, adabnya rusak, kampus yg selama ini paling benar, berkoar koar jelekin pemerintah, ternyata allah buktikan justru yg rusak adalah universitas indonesia itu sendiri, rakyat sdh muak dgn universitas indonesia yg sok paling benar, paling hebat, paling populer, paling pintar, dan ternyata allah putar balikan fakta yaitu kampus yg ddh tdk berakhlak.",Advocacy,
logika aja mereka calon orang hukum loh?? apa kita bakalan terus2an normalisasi pelecehan yang salah itu korbannya? mau diletakkan dimana terus harga diri perempuan?,Supportive,
"yahh ini sih malahan dikampus"" terkenal n banyakan isinya dari kalangan anak orang berada kelakuanya malah makin"" ini yg gua rasain aja ya temen"" gua yg benran kaya dari lair krlakuanya ada aja karna dia berasa di safe zone dia punya yg bakal beresin semua kelakuan dia sedangnkan temen"" gua yg emng kalangan menengah kebawah rata"" malah bener"" aja kelakuanya ibarat dia udah mode survival dia udah ngga mau bertidak yg bakal ngerugiin dia makanya sebisa mungkin ga aneh""",Neutral,
"ngga tau orang lain yang pernah kuliah, tapi aku pribadi ngerasain perubahan setelah kuliah gimana, dari cara bicara, cara menanggapi masalah, itu beda dengan beberapa temen yang maaf ngga kuliah, tapi kalo yang lulusan SMA/SMK masih mending kak obrolan masih nyambung, tapi kalo dibawah itu *maaf aku malah sampe dibilang sok bahasa tinggi, padahal mungkin dia yang nggak ngerti. tapi yang lulusan SMA/SMK lebih suka tanya apa yang mereka nggak mengerti. ada pribadi yang dari sananya memang sulit diubah, ngga mau mengikuti pendidikan yang dia enyam. ada yang memang udah cerdas secara tata bahasa dan pemikiran meski tanpa kuliah, dan ada juga yang harus berpendidikan tinggi dulu baru dia bisa berprogress—dan aku sendiri tipe yang ini. jadi bukan berarti dengan adanya kasus ini jadi underestimate dengan perkuliahan yah ka🙏🏻 kalau memang ada biaya, sekolahlah setinggi²nya, terutama untuk anak cucu kita.",Neutral,
busett jalannya berasa idol,Neutral,
"No wonder Najwa Shihab bisa sekeren itu, ternyata ruang tempat dia tumbuh sekeren ini. Semoga kaka dan lainnya bisa jadi Nana-Nana selanjutnya🥺",Neutral,
buat ngacak ngacak sistem hukum,Neutral,
"JANGAN  DISALAHKAN  KAMUS NYA DONG 
INDIVIDU  NYA  SAJA TDK PUNYA MORAL 
PECAT DARI UI / PROSES

MAKA NYA  SERAHKAN  JUGA KPD  GURU  JIKA BERADA  DI SEKOLAH 
KLU MURID  KURANG AJAR HARUS  DI HUKUM 
BUKAN LAPOR ORTU 
DARI SEKOLAH SD SMP UNIVERSITAS  HRS MELAKUKAN HAL INI

KLUARKAN DARI SEKOLAH UTK MEMBUAT JERA  
ORTU JG IKUT CAMPUR KLU MEMANG  ANAK NYA BERMASALAH DAN KURANG AJAR  !!!!!",Advocacy,
Harusnya di pecattt para oknum mahasiswa ini!!!! Dan lanjutkan ke proses hukum!!!!,Advocacy,
"jadi kalau g di DO, brrti ""Universitas Hukum Terbaik di Indonesia"" hanya sebatas klaim sepihak. begitu ya?",Advocacy,
Belajar hukum untuk melanggar hukum 👊👊👊👊👊,Neutral,
mba yg baju belang mantep bgt maju,Supportive,
salfok sama yng kecolok matanya😹,Neutral,
Ui Ui..Universitas Udar Ider 😂 nu paham org sunda hungkul sih 😂 Sabenerna mah nu karieu teh loba..Cuma yah kabeneran weh Ui nu apes krn dishare kamana2 😅 Ternyata mahasiswa ayeuna makin kadieu makin bobrok 😁,Neutral,
"entah kenapa siklus kyk gini selalu berulang😮‍💨
(oknum berulah - diprotes - dibungkam dgn alasan merusak nama baik kampus - redup)",Advocacy,
UI ADALAH UNIVERSITAS TERNAMA DI INDONESIA TERNYATA DIHUNI OLEH MANUSIA HINA DAN RENDAH TAK BERMORAL😊,Supportive,
moderator nyaa kerewnn bangewttttt gue yakin dia juga marah tapii keren bangeett bisa setenang ituu 🥰🥰🥰🥰,Supportive,
Aamin ya robbal alamin,Neutral,
"MAHASISWA2   "" UI "" ....???.
KALAUUU   "" DEMO "" ....SOK""  DIAA
.....PALINGGGG   SUCI ...??????
HAAAAAAAA   PALING  KOTORR",Supportive,
"Fakultas hukum , smua laki2 kah 16 org?",Neutral,
"bunda yg terhormat, organisasi tidak bersalah. tapi oknumnya. organisasi mewadahi sumber daya manusia. saya kuliah di universitas yang ada di Manado, saya masuk organisasi dalam kampus badan tadzkir dan di luar kampus yaitu himpunan mahasiswa Islam tapi tidak ada tuh seperti mereka ini. di sana kami di ajarkan berfikir kritis, menjadi pribadi yang berguna. istilahnya agen of change. karna kebanyakan orang masuk organisasi hanya fomo doang. bukan niat buat meningkatkan kualitasnya.",Neutral,
Kampus abal2.g ad tindakan harusnya DO.tapi sayangnya cuma sangsi..,Advocacy,
"Pelecehan apa? Lewat apa? Siapa yg dituju? Di grup? Ranah pribadi ya? Kena pasal apa? Uu apa? Kalo emg pelecehan verbal artinya pelaku melontarkan kata2nya ke korban langsung seperti cat calling, nah kalo ini kasusnya apa?",Neutral,
Hebat juga ya Pak uk ltas Hukum UI bisa bebas melakuan pelecehan. Bisa jadi teladan bagi Ini Persitas Hukum lain.,Neutral,
Jangan biasakan mesum berkedok jokes,Supportive,
pelaku KS di fakultasi hukun UI ka,Neutral,
salfok gua banyak yang nge gifttt😭😭😭,Neutral,
Chat mesum ttg mahasiswa itu penyakit. Chat mesum ttg dosen itu mahapenyakit,Neutral,
haha.. paling dimaafkan sepihak.😅,Neutral,
"Ketika masuk Universitas Indonesia kini banyak yang melalui jalur finansial ketimbang prestasi akademik, mengakibatkan munculnya kasus seperti ini?",Neutral,
kakk nasib aku yg umum ya 12 tahun gimana 😳,Neutral,
Ngak Usa bawa 2 negara emang negara tau kalau ada ? Pelecehan di UI begini lah manusia 2 penyakit hati selalu menyalakan pemerintah  😂😂😂,Neutral,
jangan ada lagi univ yang menerima..,Advocacy,
"Tidak ada satupun dari kita yang tidak jatuh dalam kesalahan, cuma masalah besar kecilnya, ketahuan atau tidaknya. Allah سبحانه وتعالى maha menutup aib. Saran saya pribadi sebagai seorang muslim sebagai seoranh ayah yang juga punya anak, sebaiknya anak-anak ini diberikan kesempatan untuk terus belajar, meneruskan pelajaran, perjalanan mereka masih panjang dan masa depan masih terbuka luas. Berikan bimbingan, dampingi perjalanan hidupnya ke depan degan arahan dan ilmu agama. إِنْ شَاءَ اللّهُ mereka akan jadi anak-anak yang lebih baik. Kalau orang tua saja banyak yang terjatuh dalam kesalahan, banyak yang korupsi, bahkan orang-orang yang sekolahnya sudah sangat tinggi. Apalagi anak-anak kita yang baru menjadi dewasa, baru tumbuh di zaman fitnah luar biasa. Mereka pantas diberikan kesempatan, dan hukuman yang mendidik.",VictimBlaming,
Hrs diberi hukum sosial dan minta maaaf dan sebut sdh melakukan apaaa aja,Advocacy,
PECAAATTT AIA DO DGN TDK HORMAT,Advocacy,
macam ganteng x ku tngok kelen,Neutral,
knapa jdi DO?,Neutral,
"PLS DO & BLACKLIST AJA ANAK KAYA MEREKA, ANAK HUKUM LOH GIMANA NASIB INDO KLO PUNYA APARAT HUKUM KAYA MEREKA NANTI.",Advocacy,
Bukan urusan saya,Neutral,
"ini beneran atau lagi latihan drama, kalo benar mereka calon penegak hukum masa depan",Neutral,
"​@jhonwalker6700grup chat mesum, ada yg bocorin grup nya, bukan pelecehan fisik",Neutral,
"ga semua orang punya apk x, tinggal jelasin apa susahnya 🤣",Neutral,
"KALO SAYA YANG BODOH JUSTRU HARUSNYA PEMBUKTIAN HUKUM TERBALIK :
1.KALO YANG BIKIN ULAH SATU DUA ORANG BISA DIBILANG OKNUM
2.KALO SAMPAI SEBANYAK ITU ,MAKA PERTANYAAN KEMBALI KE KAMPUS ( BUKAN KE MAHASISWA  DAN RAME2 KITA BULY , BUKAN BERARTI SAYA SETUJU DENGAN TINDAKAN PARA MAHASISWA TERSEBUT ) , BAGAIMANA CARANYA KAMPUS MENGAJARKAN AKHLAK / BUDI PEKERTI ?????!!!!.... , ( TIDAK ADA  SAMA SEKALI / DOSENNYA JUGA BEGITU ) ????
 APALAGI INI DI FAKULTAS HUKUM",Advocacy,
tiktok gw ketinggalan infoo,Neutral,
jelek semua jauh gantengan juga gua,Neutral,
"Sungguh memalukan dan mencoreng nama baik UI dan tidak menjaga marwah UI, bayangkan sekelas mahasiswa FH UI bisa terlibat kasus pelecehan seksual gak habis pikir otaknya dimana ya dan yg melakukan tindakan itu jumlahnya 16 orang gilaaa banyak bgt parah wajib harus di DO dan di hukum itu biar jera !!!",Advocacy,
ngapain jir ngelecehin,Neutral,
gokil Mn gokil,Neutral,
asli wkwkwk aku liat livenya smpe dipagerin sm dosen,Neutral,
"Cowok bodoh, Napa tidak liat tiktod aja disana banyak cewek melecehkan dirinya sendiri malah cari perkara",VictimBlaming,
DO dan pidanakan.,Advocacy,
Di DO saja kemudian proses hukum sesuai kasus  pelecehan sexualitas,Advocacy,
"Hukum DO tp klu utk 2 orang ini kasih dikit keringanan karena paling ga dia udh dtng mengakui kesalahan nya hukuman sedikit lebih ringan dr yg lain,kasih lah kesempatan tp tetap hukuman nya biar jd pelajaran kedepan jgn sampe terjadi lg,maaf klu pendapat saya salah",Advocacy,
"apa ada korban yg di lecehkan, kalo ada bs di proses",Neutral,
"GIFT NYA BISA DIMATIIN DULU GA SI😭
LAGI NONTON SRIUS JD SALFOK EFEK GIFT NYA",Neutral,
aku liat ga ada yg ganteng ah😭,Neutral,
Rata rata muhhamad namanya 😂😂😂,Neutral,
"Hal ini hanya berlaku bagi sebagian individu dan tidak mencerminkan keseluruhan. Oleh karena itu, jangan berpikir bahwa tindakan satu orang mencerminkan seluruh komunitas kampus.",Neutral,
"KELUARKAN DARI KAMPUS... LAPORKAN POLISI...

SUDAH HARUSNYA POLISI MASUK",Advocacy,
"MEMALUKAN ANAK HUKUM KOK GINI...DO!!! DEMI HARGA DIRI INDONESIA

.ini ui bawa nama Indonesia",Advocacy,
ini yg mana ka klo boleh tau,Neutral,
Hai manusia udah jngn pada sekolah jngn pd kuliah malah tdk pintar! Jadilah orang bodoh ada rasa takut akan Dosa2!,Neutral,
"Proses Hukum hrs di tegakkan d Indonesia ini...
Tanpa pandang bulu y...",Advocacy,
pdhal gnteng smua loh😭,Neutral,
dari pacar salah satu pacar mereka ka,Neutral,
kasus pelecehan seksual yang dilakukan mahasiswa ka,Neutral,
"inilah wajah pakultas di indonesia, negara luar sudah maju ya teknologi di Indonesia sangat memalukan",Neutral,
samaaa plis,Neutral,
tau darimana uy bagi donng,Neutral,
Mahasiswa fakultas hukum?...😮,Neutral,
Pendidikan di luar pondok lebih mengerikan,Neutral,
Konoha GAK ADA YANG BERES.,Neutral,
loh ko nunduk sihhhh,Neutral,
echa auranya manis bgt pdhl,Neutral,
Universitas Indonesia...,Neutral,
di app mana bang,Neutral,
sedih kalo liat papa akseyna minta keadilan di x 😭😭😭,Neutral,
"Tunjukin dong pala pelaku,,,biar kelihatan bullying di fakultas ternama di Indonesia",Advocacy,
Kuliah di universitas ternama moral TDK mendukung TDK bisa saya bayang kan kalau mereka slsai kuliah ada yg jadi menteri anggota DPR.Penegak hukum atau pejabat lain nya.bisa rusak negara korupsi merajalela hukum di perjual belikan .kebijakan asal BPK senang. itulah akibat nya inilah fakta yg bisa terjadi,Neutral,
"iyaa bangg, aku cuma agak gimana nama FHUI jadi tercemar",Neutral,
kurasa amukan dan amarah nya akan sekamakin memanas.... :) pls buat dan ambil keputusan yg SEADIL ADILNYA @univ_indonesia,Advocacy,
"Kerja Demo, mesum, hukum mati, gambar photo, tempat tinggal alamat temoat tinggal harus di bukabiar rakyat tahu",Advocacy,
dalam hati mereka lagi ngomong apa ya,Neutral,
ponakan dekan kan ya salah satunya?,Neutral,
Pecat saja jadi mahasiswa..!! Ini Peringatan bagi yang lain..!!,Advocacy,
Dan didunia kerja,Neutral,
"doain aja kak, agar anak2 kita selalu dipertemukan dan dikelilingi dgn org2 yg sholeh, baik, jujur, en amanah..kemana pu mereka pergi🙏",Neutral,
Maksud yg dikasihani di sini siapa ya? Korban? Pelaku? Kalo pelaku gak perlu dikasihani,Supportive,
😂😂😂😂makanya dek... Jaga napsu mu... Memalukan segini aja dek😂😂😂,Neutral,
ada penyusup d gc nya ka😂,Neutral,
mas herdi mas herdi,Neutral,
eh ini ada apa Cok gw ketinggalan info lagi ih😭,Neutral,
sedih bgt jadi korbannya 😭,Supportive,
"Patut diselidiki, mereka ini masuk lewat jalur apa.  Kelakuannya nggak  kayak  anak yang susah payah belajar dan berjuang buat masuk UI.  Makhluk macem gitu udah ngalahin banyak anak Indonesia yang bener bener cerdas bertekad dan punya akhlak! Ayo Benahi UI, sebelum kehilangan Marwah",Advocacy,
"UnHas, IPB, ITB...sumbangsihnya jelas.. thd pertanian, industri..dlm negeri...UI n UGM... Rusuh melelu/ sumbangnya Demo berjilid iilid
dn masalar moralitas..rendah...",Neutral,
"cuma sampe jam 12 aj, itu udh bener bener ngantuk nunggu mereka datang dari jam 11",Neutral,
"Possible, tapi setidaknya ini adalah salah satu proses penegakan keadilan. Meskipun possibly digunakan untuk menutup isu lain, isu KS sedang diupayakan untuk diberantas.",Neutral,
di akhir2 video ka,Neutral,
pas pasan kalee😂,Neutral,
kekerasan seksual rekan dan dosen katanya,Neutral,
"bentar pulang kerja dulu, nanti gua baca",Neutral,
"tonton lagi, klo masih belum ketemu tonton lagi sampe nemu",Neutral,
"Ini negara hukum tinggal buktikan di pengadilan woii,,,ntr jaksa di suap,agar bukti itu adalah AI😂😂😂",Neutral,
"berani bangett, orang yg sbnr nya takut juga bisa berani kalo lagi d posisi kek gitu krna si pelaku juga gabisa ngapa²in lagi🗿",Neutral,
"Tlg d jelaskan beritanya pelecehan yg gmn sih,, saya tdj paham",Neutral,
search aj kak bnyk kok,Neutral,
harus kena turun akreditasi dulu kah baru DO mereka?,Advocacy,
"maaf kak, emang isi chatnya gimana?",Neutral,
trs apa hubungannya sama kelakuan bejat,Neutral,
nah iya bener banget,Neutral,
bukti moral etika dan akhlaq,Neutral,
"emg mereka setting gitu kak, terbukti bbrp dr mereka megang jabatan tinggi di organisasi 🤷‍♀️",Neutral,
smg beneran ya😭,Neutral,
"Meskipun mahasiswa pandai di UI.mereka..
Itulah manusia yg tidak mempunyai pendidikan ""budi pekerti..""
Sudah waktunya mata pelajaran dari SD..pemerintah memasukkan kurikulum mapel ""budi pekerti""..",Advocacy,
Waduh ....parah ini UI . Orang oramg hukum ini yamg banyak  merusak indonesia,Neutral,
DO........,Advocacy,
"Berdasarkan chat grup privat di DO ?? saya rasa belum cukup kuat untuk men DO. Perlu di telusuri lebih dalam lagi, apakah ada tindakan pelecehan yg dilakukan.",Neutral,
Ya jd preman hukum,Neutral,
"guyonan mesum jangan dinormalisasi biar pada kapok
benarlah klo ini meledak di lingkungan kampu yg isinya akademisi 
terlebih ini fakultas hukum ya harus beneran diadili
harus disebar emang krn no viral no justice
awal munculnya kasus yg viral justru pada datang dr tubuh hukum itu sendiri yg sudah muak membohongi diri dan profesionalisme akademisi, maupun praktisi dan aparat hukum
inget kasus sambo jd awal no viral no justice datang dr polisinya polisi
jadi kalo dah kesebar ga usah bingung UU ITE atau lainnya krn kejahatan walau hanya chatt yg masif dan rawan belanjut maka harus dibongkar

yg rawan dinormalisasi malah obrolan mesum di kalangan sekolah oleh oknum pendidik hingga di publik skala pengajian",Advocacy,
"Orang hukum tahu hukum dong dan pasti hukumanya lebih berat dong, orang hukum pasti tenang krn sdh didik apa pun hasil harus tenang...",Neutral,
pendidikan ngga menjamin sukses kalau ngga ada akhlak yang bagus,Neutral,
saya seorang ibu.. pulang kerja sudah capek scroll tiktok fyp ks di fh ui.. karena planning nya anak ku 2 tahun ke depan mau masuk fh ui.. JD lah aku nonton livenya sampai jam 00.00 sampai ngantuk2,Neutral,
"Lu ngomong gitu karena lu gak pernah jadi korban bro, dan kalo lu lupa cowo bisa jadi korban juga.",Supportive,
"Produk gagal, sdh tidak layak beredar di masyarakat.",Neutral,
"Ini mahasiswa hukum kocak banget, numpang duduk aja kah mereka",Neutral,
series nano beneran ada di indonesia juga ☹️,Neutral,
"Akibat negara tdk melindungi rakytnya...seharusnya pelaku plecehan,korupsi,perkosaan dan pembunuhan,,,para pelaku WAJIB Di hukum MATI...😮",Advocacy,
"Padal udah di sambut di pintu masuk depan, eh malah nongol dr belakang 😌",Neutral,
Dosen2nya padahal para lawyers 😢,Neutral,
😂😂😂😂😂plengerrrr,Neutral,
CALON PENJAHAT KELAMIN,Supportive,
in knp ceritanya am ketinggalan,Neutral,
penjahat aja dipuji wkwkw,Neutral,
"kalau sampe pada akhirnya ga di DO, sakit sih UI aslii...",Advocacy,
"ini kalau kejadiannya d pesantren jangankan banyak begini, satu aja yg bikin pasti seluruh pesantren d indo jadi sasaran kritik, tapi krn d UI jadi aman aja, universitas lain pun aman dari kritik, emang sebenci itu klian sama pondok yah",Neutral,
"Kasus mahasiswa yg dibunuh ditenggelamkan di danau UI sampe skrg pelakunya blm ketauan siapa karena di tutup - tutupi.
ini ada kasus lagi, memalukan sungguh UI banyak oknum gak jelas",Neutral,
"Tadi lihat video lewat katanya harus dateng jam 4 ehh malah dateng jam 10 malem itu pun 2 orang, yang lain di lindungin orangtuanya yang berpangkat..",Neutral,
"Jaga image, pdahal sm aj",Neutral,
"pliss ada apa guys aku ketinggalan berita,pliss kasih tau🙏🏻🙏🏻🙏🏻",Neutral,
