Teks Komentar,Stance
udh bener di UGM aja lah,Neutral
"jurusan hukum ❎
praktek hukum ✅",Neutral
"Ini masalah rusaknya moral, bukan hal yang sepele, Emoji tertawa sebaiknya dikurangi untuk masalah seperti ini, apalagi emoji tertawa dapat menghilangkan empati kepada para korban",Advocacy
DO aja semuanya,Advocacy
Usut tuntas proses hukum dan pecat mahasiswa bejat,Advocacy
"Apakah merupakan bagian dari RITUAL SETAN klub elit di lingkungan tsb??? 

FREEMASON mmg telah lama MENANCAPKAN PENGARUH di lingkungan pendidikan. 

Mereka BERUSAHA merekrut calon2 pemimpin masa depan.",Neutral
Pd tenang semua y mrk nanggepin pertanyaan,Neutral
publikasikan indentitas mreka        tandai mukanya  black list smua kegiatanya         smua instansi negara dan swasta  jngn ada yg mau trima mreja kerja.    Buat efek jera kpd yg lain    b8ar negri ini tertib,Advocacy
emg kenapa aku belum tau berita nya,Neutral
omon2 doang,Neutral
​@joyodiningrat9301tremor aku saking kawatir nya punya ank remaja jaman sekarang,Neutral
aamiin yaAllah 🤲,Neutral
kasus pelecehan di fhui kak,Neutral
​@farizghifari4456ah percumalah ngomong kawal kiwil motor mbg. Semua yg terkait mbg sudah diamankan. Mbg yg jelas2 ngaco sudah lebih setahun lancar jaya.,Neutral
Pecat ini UI universitas yang digadang gadang bagus,Advocacy
menjaminlah,Neutral
dih 🤣 fix bkn ank itb 🤣🤣,Neutral
ada rekaman live kemarin ga si?,Neutral
"yg cepuan juga pelaku kocak, itu juga dia ngespill krna ketauan dan dipaksa pacarnya. tetap aja ujungnya wanita yg melindungi wanita. dan inget para pelaku minta maaf krna ketauan, bukan krna merasa salah dan menyesal.",Supportive
"korban nya emang siapa aja kakak? maaf nanya, soalnya ga tau apa2",Neutral
"gw ga fokus sama kasus nya,tapi lebih fokus sama si abang yg ngomong nya, pinter banget jirrr cara ngomongnya 🥰🥰",Neutral
iya kak kecewa sama jarwo,Neutral
duhhhh emane tinggal setahun,VictimBlaming
"ui di ganti lah jadi udjgbl
biar makin panjang",Neutral
kasus pelecehan,Neutral
Baru jadi pejabat dilingkungan kampus udh berani mesum ga takut hukum gmn kl udh jadi pejabat pemerintahan parah ????!!!,Supportive
"itua ber, sedih bgt",Supportive
p4l4c4han kk,Neutral
"@be happy forever: ternyata bener yaa, pendidikan tidak menentukan pola pikir manusia.",Neutral
Ustad-ustad dan Gus juga banyak yg moralnya aneh😅,Neutral
apa susahny di baca bg,Neutral
ga terlalu gitu tapi termasuknya tetep ikut nimbrung kak dan ga berusaha ngingetin atau berhentiin temen” nya kalo itu salah,Neutral
Betuuulll.. mukanya kliatan baik dan kalem tp kelakuannya bejat.. hiihh.. serem,Supportive
semalem ngelewat terus live nya kirain lagi kumpulan mahasiswa😭😭,Neutral
*Indonesia Indonesia.*,Neutral
Andovi yang ngomong tapi gw yang hah heh hoh,Neutral
"ada kakak yg emosinya mewakili up vt kak, harusnya you'll see in ur fyp very soon 😭",Neutral
kk ny danu asisten dosen fh ui...,Neutral
"BLACKLIST UI..
KASUS MAHASISWA TENGGELAM AJA, GAK JELAS.
MASA DI UI GAK ADA CCTV",Advocacy
dari banyaknya hal di dunia ini mereka cuma fokus ke selangkangan doang,Neutral
iyhh ihkk knp iniii,Neutral
Ya elaaah ke arab luu gak usah di Indonesia,Neutral
itu mereka chatan di grup? gmn bisa kerajaan? aku kurang tau ceritanya😁🙏,Neutral
"Hancur UI  
Astagfirullah hal Adzim",Advocacy
"byk gunanya salah satunya bisa menghukum yg benar,membela yg salah.atau berlomba2 masuk parpol,JD penguasa,trus ngerampok",Neutral
INDONESIA CEMAS,Neutral
itu paling cuma ekor ekor ny doang wwkkww. anggota inti BEM UI nya gak ada yg nongol,Neutral
Bodo amat malah fokus ke itu,Neutral
Ngomong apa si?,Neutral
ada apa ??,Neutral
maaf nya tidak tulus tuh,Neutral
"iya yg cukup transparan sama kasus SA masih ui. kampus PTN lain malah masi melindungi pelaku dan menghukum korban, sedih tp kenyataannya begitu",Advocacy
Buat bisa masuk kantor dpr sih kebanyakannya,Neutral
"ipb juga barusan pada speakup tuh kak, sama parahnya juga anjir",Advocacy
Do itu apa ka,Neutral
"ohhh, ok thx infonya👍",Neutral
Jawabannya sama semua minta maaf atas kesalahan tapi kagada yg mau sebutih kesalahan detailnyaaa bjir🤣🤣🤣 sampai jam 4 gw nonton,Advocacy
"​@BayuWirgiawan-vn1xwdulu rektor UI komisaris BRI. Mulyono yg ngangkat. Loe dach, 😅",Neutral
"gada dosen dalam group tsb,yg ada dosennya jadi korban pembahasan mereka",Neutral
lagi sibuk ngirim proposal buat gerakin demo politik,Neutral
"pertanyaan yg sangat dungu. ibarat kata suami mau pindah kewarganegaraan, trus tiap hari lihat kasus berita pelecehan. apakah setelah lihat itu dia masih mau pindah kewarganegaraan?",Advocacy
"di DO truz diproses hukum seadily adily tnp mndang spapun jbtan diblkangy...hrus tranfaran hukum berlaku biar jera, jujur,ak sbgai ortu dri dlu blm bsa msuk UI mga ankk tpi dgn kasus ini,ak g mau masukin ankk dikmpus ini.",Advocacy
"@ihwatiriskiya8947 Jurusan ape dulu? kalau jurusan pasaran, anak saya juga mampu. Skrg dia kuliah di kampus lain IPK nya tinggi dapat beasiswa, sekarang jadi Asdos.",Neutral
tausa ragukan me dong lolos maso UI tu😔,Neutral
antemono kakk,Neutral
"jdi mreka itu kyk ada grup chat gitu nahh di dalem grupnya itu merka sering ngomongin cewek"" pake kata"" melecehkan gitu loh. dosennya juga diomongin",Neutral
"Ada yang infokan nama-nama mereka (RanaFilm)
SAY THE NAME PELECEHAN
1. Simon Patrich Bungaran Pangaribuan
2. Muhammad Valenza Rabbani Putra Harisman
3. Irfan Khalis
4. Munif Taufik
5. Keona Ezra Pangestu
6. Dipatya Saka Wisesa
7. Muhammad Ahsan Raikel Pharrel
8. Mohammad Deyca Putratama
9. Danu Priambodo
10. Reynan Fayyaz Rizal
11. Muhammad Nasywan Azizullah
12. Muhammad Kevin Ardiansyah
13. Rafi Muhammad
14. Nadhil Zahran Fernandi
15. Anargya Hay Fausta Gitaya",Advocacy
"waduhhh ketinggalan, aku jam 12 udah ketiduran😭🙏",Neutral
​@malakatan3235wajibkan yang utama mengenal ALLAH SWT dan Rasul-NYA,Neutral
"sekolah tinggi-tinggi, calon penegak hukum tapi melanggar hukum!!! nggak merasa bersalah karena punya bekingan, dan power!! selagi ada beking dan power! hukum bisa dibawah kendali.. tumpul ke atas, lancip ke bawah.. tragissss!!!
minta maaf krna takut digebukin massa sampe metong!!",Advocacy
"Ini sama ajA KASUsnya sama anak Undip yg bunuh diri itu,, Timothy kalo ga salah.....JD satu grup lagi ngomongin kasus Timothy dan dalam grup kan banyak banget membernya,,, JD ada yg jahat yg screenshot..dan disebar .makanya mendingan left grup atau silent reader jika diinvite tp ga cocok dgn obrolannya...skrg tuh jgn bangga gaul gaulan gitu...diinvite ke grup bangganya minta ampun... Tp kita JD tau karakter orang siy...mending ga usah gaul gaulan...intinya kalo mau aman ,, 1 pilihannya: pilih silent reader atau left grup... Lagian di grup atau temen2 yg ada di grup cocok dan baik buat kita... Intinya kalo kata hati kita bilang left grup.. left grup aja deh...karena kdg kadang kita suka keceplosan siy.. tau2 ngomong si A... Sudah ngebahas sampe dalam banget..... Percakapan yg seharusnya  hanya bisa kita ungkapkan ke sahabat kita... Orang yg bisa kita percaya utk Mengeluarkan uneg2 kita ya sahabat kita... Atau kucing juga bisa... Atau nulis jurnal bersyukur dan jurnal mengeluarkan emosi... Temen Lo yg kau kira selevel, sepadan Ama elo belum tentu cocok Ama elo.. bisa jadi dia nusuk dari belakang...mulai skrg pilih2 temen.. temenmu adalah surgamu, keberuntungan dan rejekimu...dan itu temen yg baik yg sudah kita rasakan manfaatnya,,,tp jgn dimanfaatin... Yg penting Lo bahagia, tenang, damai jika berada di sisinya...",Neutral
juicy luicy jugaaa 💔,Neutral
"kasus kekerasan seksual mahasiswa fhui, kamu search aja",Neutral
"kasus pelecehan mereka itu tergabung dlm group namanya basecamp (apa gitu lupa). di group trsbut chat mereka ngomongij soal cwe cwe kampus. omongan yg jorok, seronok, melecehkan wanita, bahkan dosen wanita pun mereka lecehkan. pelakunya 16 orang mahasiswa Fakultas Hukum semua. yg 2 orang turun duluan ngadepin semua mahasiswa yg ngumpul disana dr jam 5 sore ampe dini hari jelang shubuh. krn blama nungguin yg 14 orang pelakunya dilindungi/dihalangi orangtua mereka di lantai atas agar tidak turun tuk bertanggung kawab dan minta maaf. jdlah membuat semakin lama dan semakin emosi para mahasiswa/i disana",Neutral
Diblacklist  aja ini org2 .. Gilaa kalo udah dewasa jadi apa org2 ini dengan pikiran cabul .. FH UI loh .. Kasianbanget orgtuanya .. Emanglebih penting adab drpada ilmu,Advocacy
"Miris melihat situasinya. Mohon para pihak turunkan emosinya. Jika masih bisa dibina, kenapa harus dibinasakan.",Advocacy
Orang tua terpandang dan banyak uang anaknya jadi raja di kampus UI,Neutral
"tapi sayang ya kak, harusnya tempat buat bertumbuh bikin rasa nyaman, tapi malah dirusak sama manusia berhati iblis",Supportive
"Kalo korban malah di salah kan, maka g heran di masyarakat sekarang hal serupa beredar. Orang akademisi hukum nya aja kek gini. Sekelas UI pula lagi.",Supportive
pembicaraan tntabg pelecehan ka katanya,Neutral
belajar hukum apa mesum neh,Neutral
"Menurut aku ya justru kalau mereka tidak DO maka pdgn org ke kampus tersbt kurg baik karna tidak bisa TEGAS dgn HAL HAL seperti ini, bisa saja hal ini terulang kembali, kalaupun akreditasi turun setidknya calon mahasiswa atau mahasiwa yg semntra kuliah bisa merasa AMAN itu bukti kampus trsbt bisa mengambil keputuan yg SEADIL ADILNYA",Advocacy
"Hasil didikan TERBAIK dari tenaga PENDIDIK TERBAIK d INDONESIA,(calon PEJABAT MASA DEPAN)menuju indonesia EMAS 2045,BRAVO  INDONESIA",Neutral
Ayoo kuliah di PTKIN supaya mendapatkan pendidikan Akhlak ❤️,Neutral
"A'uudzu billaahi minasy syaithonir rojiim..
Selalulah..berlindung kpada Allaah dari upaya setan menjerumuskan manusia..😊",Neutral
Unima seharusnya bikin forum ginii🥹,Advocacy
aamiin ya Allah yarabb,Neutral
hah?periksa mata deh,Neutral
pendidikan tidak menentukan pola pikir manusia.,Neutral
"@s: tp bikin mereka sadar bahwa perlakuan mereka bisa bikin populasi marah :( mungkin stop nyalahin reaksi orang dan salahin pelaku nya aja.. gapapa marah, dengan marah kita jadi stay true to our emotion",Supportive
kakk sama lagi😭,Neutral
"Begini mau menjadi praktisi hukum? Makin hancur ini negara, do kan sj mereka",Advocacy
"Aamiin, semangat kak!!!",Neutral
"jangn takut syangg,laporkan bila ada yg seperti itu",Supportive
pulang lu dicariin isal 😭😭,Neutral
Kata dosen nya gabisa sembarangan do kak. ak nonton live nya jam 2 pagi,Neutral
Fakultas hukum UI lagi .kendatipun bersifat guyonan tetapi kalau sudah sampai ke mesum itu sudah tidak pantas .dan harus di DO dan harus mempertanggungjawabkan didepan hukum pengadilan negeri,Advocacy
amin kak doa terbaik yaaa🥰,Neutral
jadi mereka bikin group chat khusus buat pelecehan gitu kah?,Neutral
Di DO aja sbg hukuman bagi mrk.. masih banyak mahasiswa2 lain yg lbh baik pastinya dan LBH ber adab,Advocacy
"Amit amit amit ... bejatnyaaaaa, kok bisa lolos keterima di UI Hukum, memalukan fakultas hukum !!! Keluarkan ajaaaa malu2in",supportive
"anakku kuliah d PTN bandung. aktif organisasi Bu, tp Alhamdulillah fine² aja, selama organisasi tersebut mengajarkan tentang organisasi yg baik. berkumpul dengan teman2 yg positif untk arah kemajuan anak² muda. Krn sejatinya dngn anak berorganisasi melatih anak untk menjadi pemimpin yg baik, berinteraksi dengan anak² sepemikiran. kita orang tua sambil mengarahkan ke hal² yang baik..",Neutral
sekelas UI??!,Neutral
Astagfirullah......sangat memalukan kaum intelektual,Neutral
Ini akbit pendidikan pel agamavda akhlak di rumahbdanbsekolahbkirang yg ilmu pengetahuan kurang pelajaran ilmu agama ini pejabat bertanggung jawaban dan pilih Mentri yg cinta pendidikan bukan Mentri berbisnis proyek makanya cari Mentri sesuai dgn keahliannya jgn salah pilih dan jgn pilihbasal karena hutang Budi ini negara yg hari dipimpin oleh orang cerdas pinter beriman dan pendidikan sesuaai keahliannya bukan sogokannkl utk negara,Advocacy
Pecat dan tidak boleh kuliah di PT manapun ....,Advocacy
brti ada yg masuk ui krn titipan donk,Neutral
kak ga espek 😭🤣,Neutral
"itu kalimat untuk mojokin korban pemer*sa*n yang ketika dilevhn dia diem aja kak.
Itu kalimat jahat",supportive
"cari aja ""isi chat fh ui""",Neutral
lawik caper finalyy bos,Neutral
Pelecahan dan kekerasan seksual kak melewati chat kak,Neutral
di grub chat mereka kak,Neutral
kalian jangan hujat dia doang 🥺,supportive
"Mana ada korban sih cuman dikatain doang di ruang private pula. Anak  sekolah juga tau pelecehan melanggar hukum, tapi kalo cuma obrolan bisik2 beda cerita dong. Hukumnya bobrok netizennya fomo.",VictimBlaming
siang ya kuliah kakk. makanya dibuka forumnya sore sampe malem biar dosen pada dateng dan ga ganggu waktu kuliah,Neutral
Revolusi mental yg dihasilkan  kurikulum merdeka  presiden ke 7,Neutral
Mereka ngobrol di grup chat melakukan pelecehan secara verbal thd mahasiswi dan dosen kak . cmiiw,Neutral
Makanya punya otak dulu baru sekolah,VictimBlaming
Udh kuliahnya di UMY aja tp juga banyak yg mahiwal sama ajee.. 😂,Neutral
"ini kenapa jawabanya muter² , tidak terjawab",Neutral
Itu herbal bos🌿🤣,Neutral
iye dah gimana lu aje,Neutral
"Do..kan sj dan black list, jgn sampai mereka jadi anggota DPRD/DPR apa lagi menjadi advokat...! Bahaya sekali mereka..!",Advocacy
"Baru kepikiran sih. Pelaku pelecehan melakukan perbuatan di grup WA tertutup, sedangkan korban melakukan pelecehan di muka umum dan terang-terangan.",VictimBlaming
nonton di mna kak,Neutral
samaa😭😭 kirain ga bakal turun,Neutral
"Berita tolol gini pun harus viral, kayak kehabisan berita bermutu aja 🤣🤣🤣",VictimBlaming
"padahal ganteng"" loh",Neutral
iya ini memang nyata baget cuma di goreng2 doang karna bawa nama ui + buat diskredit kredibilitas mahasiswa yg anti pemerintah.,VictimBlaming
Fakyltas opo kui,Neutral
mereka komplotan pelecehan verbal ka punya grup isinya ngelecehin mahasiswi dan dosen juga padahal fakultas hukum hadehhh,Neutral
fakultas hukum loh ini...ui lagi. Ampun,Neutral
gk ada live lagi?,Neutral
DO aja dan blacklist dari seluruh fakultas hukum di Indonesia. Orang pintar tapi tidak bermoral & beretika tidak layak menjadi penjaga hukum di Indonesia.,Advocacy
"Potret memalukan di ranah pendidikan Indonesia terjadinya pun di sebuah universitas ternama negeri lgi, padahal universitas UI itu banyak melahirkan para pemimpin hebat di negeri ini, pelakunya di fakultas hukum lgi menjijikan,calon penegak hukum cabul...",Neutral
DO semua yg otak kotorrrr,Advocacy
"Pelecehan apapun bentuknya harus diproses Hukum karena sudah ditetapkan dalam KUHP.
Masalahnya apakah para Penegak Hukum mau menjalankan tugasnya, atau lebih sibuk cari buat setoran ... 🤔",Advocacy
masii kakk,Neutral
"30 orang tuh korbannya ga si kak? ada yang bilang didalem grup sebenarnya ada 20 org, 4 org lg disembunyiin kampus",Neutral
mnghukum org² yg tdk bersalah,Neutral
Thankyou udh merangkul korban 🥹💕💕 salut banget,supportive
wkwk masukk kak😂,Neutral
Jujur saya setuju FHUI become next jaksa in Indonesia karena mereka berani mengevaluasi diri mereka sendiri.,supportive
Korban seperti nya bangga dengan tobrut nya,VictimBlaming
banyak apalagi teknik,Neutral
TPI cwok gue lbih gntng hahag,Neutral
iyaaa ada salah satu yg secara langsung di suruh end live kak semalam,Neutral
Bagus terduga pelaku didatangkan dan harus datang. Biar tahu malu dan mikir lbh dahulu sebelum bertindak.  Pelajaran yg seharusnya tidak dilakukan lagi.,supportive
"Dulu ada rohis.untuk mencetka mahasiswa2 yg say no to cabul,.e dibubarin katanya terorus. Terus kalo mahasiswa pada cabul, siapa yg tangghbgjawab?",Advocacy
Gaji nya dari patungan rakyat,Neutral
serius ini di ui??,Neutral
moderator yang baju ijo namanya siapa ya bg,Neutral
suka bgt public speakingnya😭,Neutral
dikidoy sama aja kak,Neutral
itu anak penjabat ya,Neutral
"daftar dulu aja kak, belum tentu keterima kok.",Neutral
"buat yg komen jgn lebay, lemme tell u, case ini bukan krn bnyak atau engga cowo lain yg begini jg, the problem is mereka adl mhs hukum, yg nntinya bakalan jdi lawyers di masa depan.. i mean, wdy expect our future would be kalo calon penegak hukum pada normalize sexual harassment. and yet, mhs hukum di kampus top tier aja masi ada yg begini, apalagi kampus di daerah lain? this is very ironic.",Advocacy
hahaha wjarlah hukum indo kacau smua.trnyata dri awal aja udh kek gini,Neutral
Gw sebagai dosen UI merasa sangat kecewa,supportive
"Saya ingin tahu bang kalau boleh, maksud perkataan downfall-nya ini dimana?",Neutral
"@￴￴￴:@@ও𝑂𝑟𝑎𝑛𝑔𝑖𝑚𝑢𝑝✰:itu mrk ada grub mlchkan mahasiswa ui yg pdhal mrk juga mhsiswa disitu, mrk bilng mrka punya kuasa di kmpus itu bhkan bukan mhsiswa aja yg mrk bhs di grup itu ada dosennya juga, bnr bnr sakit dh",Neutral
ya mending di kluarin aj ga si,Advocacy
lah kenapa emangnya kak?,Neutral
"IKUT SEDIHHH BGTT waktu salah satu ibu dosen nya bilang “pas saya liat grupnya, ternyata nama saya juga ada di situ.” 👋🏻🥹",supportive
"Hallo itu 16 orang, bisa di bilang satu compi, ibarat random simpel itu sudah mewakili",Neutral
Jijik ih dia bahas apa aj plisss,Neutral
mereka pelaku ks kak,Neutral
Mantap ini kakak,supportive
"Yang ini baru satu ketahuan, mungkin masiha da lagi yang belum ketahuan di beberapa kampus terkenal di Indonesia",Neutral
"harusnya pidana , jangan lamban",Advocacy
"jangan menyalahkan yg di tempatinya sebagai menuangkan pendidikannya, salahin yg ngelakuin.",supportive
Apa isi pembahasan ttg ibu dosen nya ka,Neutral
apa ini guys.. ketinggalan berita,Neutral
Semangat mahasiswa mahasiswi FHUI yg ada di forum dan menyuarakan suara kalian. Keren banget public speakingnyaa 🥹🫰🏻,supportive
"salah satu pemicunya mungkin, mungkin ya... adalah angan2 atau hayalan mesum yg melampaui kemampuan diri dan batas kenormalan..😂

mau tau ga cara jitunya??
kontrol dari negara, dalam bidang informasi dan teknologi.
setau saya batas moral dan etika informasi digital global sudah ada garisnya dimana ketelanjangan, pornografi dan porno aksi itu sudah memiliki ruang tersendiri yg hanya bisa diakses oleh platform khusus dgn syarat2 tertentu, contoh paling ringan adalah wajib menggunakan vpn. Nah bagaimana negara turun mengatasi masalah ini? yg paling simple yg harus dan wajib diperbaiki adalah tata kelola digitalisasi data negara terlebih dahulu, karena prakteknya masih banyak data negara terutama didaerah masih menggunakan jasa orang ketiga sehingga ketika ada keterlambatan pembayaran dll, maka akan terjadi hal2 yg tidak diinginkan didlm server yg disediakan orang ketiga seperti spam dll, yg ujung-ujungnya masih harus menggunakan jasa developer lain untuk mengaksesnya agar lebih aman seperti vpn, jika ini sudah bisa dibenahi, artinya negara sudah mandiri dlm masalah data digital, sudah punya big server sendiri, sudah punya domain global tanpa ada campur tangan developer lain, maka pembatasan penggunaan atau bahkan pelarangan dan pemblokiran developer vpn dalam bentuk apapun bisa dilakukan. sehingga tangan-tangan nakal dari para penghayal tingkat tinggi 😂 bisa dimatikan tumbuh kembangnya, dan tentu harus juga didukung dgn penguatan moral dan etika disemua ruang dan segi. 🙏",Advocacy
gregetttt bangett,Neutral
"madura tepatnya bangkalan, deket kok sama surabaya kampusnya juga udah modern",Neutral
korbannya ada kah? atau cuma gosipin korban di chatnya?,Neutral
poin ke 13 ngeri bgt jujurrrr,Neutral
Do your research!,Neutral
ya CARI TAU makanya.,Neutral
"Ya Allah, kalian benar benar anak durhaka yaaa..... Orang tuamu berjuang agar kamu jd anak berguna dan sukses malah menyusahkan dan mempermalukan keluargamu. Trus, mau apa kalian semua di masa depan....?? Masih bisa bertaubat dan siap menerima sanksi akibat perilaku kotor kalian. Allahu musta'an.",Neutral
"gue yakin mahasiswa UI itu pinter pinter, cuma orang pinter doang gak menjamin akhlak-attitude",Neutral
susah buat rakyat miskin kl berduit dan kaya ngga ada yg ngga mungkin di negri konoha  ini semua bisa di beli😂,Neutral
yg live ternyata pelaku juga🥲,Neutral
"Pantas saja hukum dan peradilan di Konoha amburadur dan suram, koruptor dan ordal merajalela ga habis habis bahkan makin meningkat",Neutral
"hukuman yang pantas bagi mereka....""PECAT"", kalo gak dipecat berarti UI mentolerir perilaku mereka....",Advocacy
Untung gw jelek🙂,Neutral
​@Smsulaimah aspal 😂,Neutral
takut reputasi FH UI jadi rusak bang? MAKANYA KELUARKAN MEREKA SECARA TDK HORMAT. Tunjukin kalau FH TIDAK SUDI punya mahasiswa pelanggar hukum kayak gitu. Ga usah mikir kasian masa depan mereka rusak. BIAR MEREKA DIPUNGUT SAMA KAMPUS LAIN,Advocacy
"Kuliah mahal mahal, jadi anak berpendidikan berakhlak, kalo lulus jadi pengamat tatanegara, pengamat ijazah, pengamat beras dan serba pengamat",Neutral
ngelecehin apaa? kak cuma nanya soal nya ketinggalan info,Neutral
"di situ dituliskan ""Hukum akan cek isi konteksnya"" berarti kalau yg disebarkan bukan konteks kerahasiaan universitas misalnya, ataupun rahasia negara, proyek atau apapun yg menyangkut detail resmi yg nyebar aman2 aja gk bakal dituntut UU ITE. Apalgi konteksnya itu pelecehan seksual bakal harus dihukum para pelakunya.",Advocacy
"kalo anakku kuliah di PTN , justru aku arahkan utk ikut organisasi dan itu bnyk nilai tambah yg dia dpt selama dia mmng bnr² di organisasi yg sehat. dia jg lulus tepat waktu dan Alhamdulillah skrng kerja di tmpt yg mapan.",Neutral
"ga baru, emang hal umum yg antara ga diramein ke publik, atau ga ketahuan siapa siapa aja. banyak bgt (dari mata & telingan gua sendiri sebagai mahasiswa Univ top 5 di Indonesia ini)",Neutral
iya pls takut bgt ..,Neutral
"SEDIHHH BGTT waktu ibu dosen nya bilang “pas saya liat grupnya, ternyata nama saya juga ada di situ.” 😭",supportive
knp bg gua engga ngerti tolong jelasin,Neutral
"Semua rata rata universitas Indonesia 70% Sama kok banyak dosen dosen juga yg melecehkan murid nya, udh bukan rahasia umum",Neutral
peluk jauh untuk semua perempuan 🫂🥹,supportive
"Mahasiswa hukum UI kok kosong attitudenya, memprihatinkan.",Neutral
"tapi udah ga berekspektasi tinggi ke putusan UI sih, mantan Ketua BEM si Melki Huang yang dulu udah terbukti melakukan KS ga dapat sanksi sepantasnya & malah jadi Wakil Ketua DPD PDI sekarang",supportive
"TANDAIN NAMA PELAKU
1. Simon Patrich Bungaran Pangaribuan
2. Muhammad Valenza Rabbani Putra Harisman
3. Irfan Khalis
4. Munif Taufik
5. Keona Ezra Pangestu
6. Dipatya Saka Wisesa
7. Muhammad Ahsan Raikel Pharrel
8. Mohammad Deyca Putratama
9. Danu Priambodo
10. Reynan Fayyaz Rizal
11. Muhammad Nasywan Azizullah
12. Muhammad Kevin Ardiansyah
13. Rafi Muhammad
14. Nadhil Zahran Fernandi
15. Anargya Hay Fausta Gitaya",Advocacy
"dan pelajaran terakhir dari kasus ini yaitu pentingnya kita melihat apa yg akan kita tuai atas tindakan atau ucapan yg akan disampaikan, bukan melakukan tindakan atau ucapan tanpa berfikir kedepannya. Dan semua itu butuh pondasi iman dan akhlak.",Advocacy
kekerasan susu mbg,Neutral
"mereka yang diteriakin itu para pelaku kejahatan seksual, intinya mereka ketahuan ngelecehin banyak perempuan termasuk dosen dan temen2 mereka sendirii.. akhirnya dibuat lah sidang begini buat para pelaku sebagai pertanggung jawaban meeka",Neutral
sayang banget ya sekolah nya..gak di pake dengan sebenar2 nya,Neutral
😂😂 sistem pendidikan di Indonesia pantesan nggak bermutu terjun dimasyarakat,Neutral
"Mahasiswi klo bisa jgn pake baju ketat dah, kemeja bagus, tapi klo adanya kaos ketat minimal pake outer/ croptop",VictimBlaming
yang mana sih keponakan dekan?,Neutral
"sama kayak lu, berita tentang apa bahasnya apa",Neutral
​@denybagusputrabegini rupenya is🥭😞,Neutral
oh iya makasih infonya aku kira bener 20 soale tadi sempet baca😭,Neutral
Emang enggak d DO semua? Apa harusnya emang enggak d DO semua? Nanya hloo nanyaa,Neutral
Harus di DO.....dan di blacklist dr semua Perguruan Tinggi.,Advocacy
itu kenapa? (g nrima jks),Neutral
"bahkan dosen nya pun jadi korban,
ga habis fikri gue😭😭",supportive
"😂😂😂 ini ramai karena tersorot   kalu ga tersorot aman  aman sj ,😂😂",Neutral
herankan apalagi ui Universitas paling ngetop se indonesia loh,Neutral
yakan jahat banget ekonomi nya😅,Neutral
"yang buat aku tak bisa berkata-kata adalah, UI itu kampus terbaik dalam berbagai hal, termasuk hal ini",Neutral
"Pelecehan nya di apain emangnya?
Ada yg tahu ?",Neutral
"setahuku chat wa doang. tapi agak gimana gt ya.. kalo chat di wa aja separah itu, apalagi kalo lg nongkrong?",Neutral
UNIVERSITAS INDONESIA,Neutral
GENERASI INDONESIA EMAS 2045 🥹🥹,Neutral
minta di hukum😏,Neutral
Degradasi Moral mahasiswa Indonesia! Pikirin dong masa depan bangsa kalian!! Bukannya berbuat hal yang menghina diri kalian sendiri,Neutral
mana ganteng? gantengan juga hulk kata gua mah,Neutral
malu malu in bngt,Neutral
"Belum jadi apa2 sudah bejat, apalagi kaau sdh jadi dan punya kuasa. Bayangkan saja",Neutral
"DO  ,, klu sampe lulus ngk pantas ada nama gelar SH dibelakang mereka😂",Advocacy
"ya biar ngerti hukum trus korup lah. belom jadi hukum aja udah kek begini, apalgi kerja terus menjadi hukum🥺",Neutral
"ya emang kocak, logika sederhana itu aja lama banget sadarnya, udah 2026",Neutral
"FH UI Otak Mesum, dijamin tdk akan pernah diterima di perusahaan bro.. saya juga lulusan hukum, tlg aturan jangan di langgar. Dungu sekali",Advocacy
mereka bisa turun gimana kak? gue ketiduran😭😔,Neutral
"masa SD di suruh contoh kakak"" kelas ehh kok malah kebalikan ya",Neutral
Itu klo ga di jgain kyknya teazzinya udh melayang ke muka pelaku kak,Neutral
Emang chat apa?,Neutral
Opinimu tidak tepat berorganisasi tidak membuat rusak tapi melatih interaksi sosial kecuali anakmu bakat introvert,Neutral
gpp kak gk usah diperjuangin biar saingan gw berkurang,Neutral
kalo lo denger ibu/kakak/adek perempuan lo diomongin gitu lu bakal fine2 aj??!!,supportive
"gnteng""plnger",Neutral
Gilakk....perilaku nya udh kayak preman yg gk berpendidikan...harus DIPECATTT.....,Advocacy
berasa idol kpop aja di jagain😂,Neutral
Down Grade 😂😂😂memalukan sekali😂,Neutral
"ngeri ya
dunia pendidikan yg diinginkan smua anakw negeri ni termasuk gw yg gak kesampean
smoga Allah jaga Murid2 gw dri ngerinya zaman🤲🥺☹️",Neutral
Generasi jebolan covid19 dan gen z,Neutral
"uisu saja bisa bertindak tegas kepada anak koas, gmn kampus ui GK bisa bertindak tegas😂",Advocacy
aq bru tau emanngchat nya apa sih smpe sebegitu ramenya,Neutral
ini baru lucu😂😂,Neutral
"Singkat aja ya kak, mereka itu melecehkan mahasiswa lain di sebuah grup chat mereka, kata kata gak senonoh+melecehkan area privasi di dalam grup, katanya bahkan bukan mahasiswa doang, tapi dosen juga du lecehkan (yang di maksud di lecehkan itu. mereka ngomong area priv di grup dan ngomongin hal yang gak senonoh lainnya) maaf kalo tidak mengerti ya🙏🏻",Neutral
salfok pas 00:26 ga sengaja kecolok apa emg dicolokin si WKWKWK LUCUBGT,Neutral
yg cowok ajah kesel apalagi ceewekk,supportive
Jam berapa? liat dimana,Neutral
"Menjijikan, sumpah aku kalau jadi cweknya gaterima sih jujur",supportive
Pantas hukum' di si indo begini ya😅,Neutral
Oalahh ini yah...kirain peleceham secara fisik maupun lisan di depan umum😅😅..ternyata omongan laki2 di group doang..heboh bener digoreng nya. Biar pada diem kalik bem2 nya trus diganti yg pro pemerintah 😅,VictimBlaming
jalur haram,Neutral
malah kasih gift,Neutral
"dari awal mau di audit aja, yg pertama dikeluarkan itu ada 2 org. kemungkinan sih nntinya yg kena sial pasti cuma 2 org itu keknya bg. krna sisanya pada ber 'power' dan 'penting' katanyaaaaaa",Neutral
"lagian di ui mau lu se kriminal apapun yang penting dari keluarga terpandang mah aman anjir, bukan cuma di ui doang di kampus kampus gede lain nya pun begitu",Neutral
"baru juga buka tiktok udah kepo, jelasin dong apa yang terjadi.",Neutral
"ihhh ketinggalan, mlh ketiduran😭
pdhl udh nungguin",Neutral
DISINI SEMUA CEWEKNYA KEREN KEREN PUBLIC SPEAKINGNYAAAA!💗,supportive
"spy kasus2 serupa ini tdk terulang lg... mk kampus spy lebih byk memfasilitasi kegiatan2 yg positif buat mhs nya , spt pengajian2 mahasiswa, lomba2 kreatifitas seni , teknologi ,dll",Advocacy
"jangan di do, skorsing aja.. kasih pembelajaran buat masa depan mereka.. toh gimana pun juga mereka sedang belajar menjadi orang baik",Neutral
"sedih bgt pas dosennya bilang ""pas saya liat grupnya, ternyata nama saya juga ada di situ"" 😭",supportive
Di Twitter banyak kak.,Neutral
"sekitar sebulan yang lalu ini mah,  spanduknya udah ada",Neutral
"iya lagii, info dong yang ada vidio fullnyaaa😭",Neutral
makanya jangan menilai orang dari muka,Neutral
"Pelecehannya emg diungkap di publik atau hanya sebatas di grup? Perilaku emg tidak dibenarkan, cm respon publik lebay.. para mahasiswa Gen Z pada sok over kritis so idealis.. 

Kalo di permasalahkan kasus kya bgni akan sangat banyak",VictimBlaming
"jujur, gk ada yg cakep sama sekali.",Neutral
lha bapaknya yg punya perusahaan,Neutral
"Mereka yang melakukan adalah salah besar...harus diproses, tapi hati2 juga, takutnya ini pengalihan isu juga",Neutral
Apa kbr itu ortu ortu nya yaa ? Semoga jantungnya aman anak2nya yg dibangga2kan ternyata memalukan,Neutral
kak? aku padamu🙏🏻,supportive
bentar deh masa gak ada hak bagi pelaku utk dapat perlindungan juga bukannya para org org yg menghina mereka dll itu juga salah yaa mereka kan juga melakukan tindakan verbal parah juga . harusnya gak gini sih caranya pakai cara profesional aja ini kyk diadili langsung sama mhs yg lain😢,Neutral
As? Ko sampai sebanyak itu,Neutral
kembali kasih kakak🥺🩷⭐️,supportive
Jika orang tuanya penegak hukum maka sy harap orang tuanya juga kasih sangsi moral viralkan orang tuanya agar kedepan lbh hati2 menjaga martabat keluarganya,Neutral
pas awal muncul ini vt itu kan ada deskripsi di video nya emang gabisa baca?,Neutral
bisa turun pamor ini UI 😭,Neutral
"g paham gmn si ka pdahal sesimpel itu loh tinggal baca 😌, mrk ini 16 pelaku seksual, mrk bikin group line yg awal ny biasa aja lama lama bahas tubuh cewe lah apalgi korbannya juga banyak bgt sampai dosen dan berita terbaru nya ternyata ada beberapa korban tau dari tahun 2025 klau mrk kena pelecehan akhirnya minta bantuan Krn g kuat 🥹",Neutral
Angkatan berapa nih?  16 orang,Neutral
"Sudah..sudah..
Pukulan sosial yg terjadi atas pelaku Pelecehan itu merupakan tamparan keras dan malu yg luar biasa yg bakal berakibat mahasiswa tsb di DO, perudungan disosmed, perudungan di lingkungan keluarganya terutama Ortu-saudara2nya dan teman2, dan juga terhambat dalam melanjutkan karir dlm mencari pekerjaan kelak.",Neutral
sama kak sampe kesiangan masuk kerja,Neutral
bukti pendidikan gak menjamin moral...,Neutral
Gimana nasib orang tua ke 16 siswa tersebut,Neutral
"kalo liat di X pelaku ada yg anak dekan fib ui, anak wadek fh ui, sama ponakan dekannya, cmiww🙏",Neutral
@ssayD @sephia @andin stecu kelas kakap😝 @k4r_ @☆ 😭,Neutral
"mending turu si kata ku mah
kesehatan diri juga penting , toh ada yg ngurusin juga ,ntar juga pasti di DO pelakunya , miris bgt si emang 😬
keep healthy guys ☺️",supportive
haduuh menyedihkan sekali... 😢,Neutral
viral viral,Neutral
Mahasewa Kerjaannya demo politik,Neutral
ini kapan live nya?,Neutral
mas anis mas anis,Neutral
tolo lllll,Neutral
@iam.piraaaw inilohhh kata gw,Neutral
Pecat mereka. Mahasiswi-mahasiswi korban pelecehan jadi tidak nyaman jika mereka tetap di kampus UI. Rektor dan Dekan mesti berani memecat mereka. JAngan licik. Mereka adalah penjahat seksual.,Advocacy
"Calon penegak hukum tapi attitude nya minus.
Penegak hukum di indo sudah buruk...eh calon penerusnya malah kek begini...semakin buruk aja ni penegak hukum di indonesia!!!",Neutral
Udah gila semua😢,Neutral
Penasaran pelecehannya gmna,Neutral
"GEBUKIN AJE SM MAMPUSSS.... MEREKA PENJAHAT KELAMIN GILA KWADRAT... PASTIKAN MEREKA DO TANPA ADA YG DILULUSKAN, BAHAYA...BATU JD MAHASISWA BEGINI... APALAGI NANTI PUNYA JABATAN....",Advocacy
"Akibat sistem pendidikan sekuler, melahirkan manusia2 rendah aqidah,rendah moral.",Neutral
@fitrahhh @F @🦖💐 @raniya @Bilaaaaa_⚡ @lisna @mooeenn._ @meraa @marisaaa,Neutral
kekerasan hanya di cht apa berbetuk fisik media? jelasin ih blm paham,Neutral
"merinding denger public speaking nyaaa, kerennn!!! 😭🫰🏻🫰🏻🫰🏻",supportive
"Cuma kepingin tahu asja.
Ke 16 mahasiswa UI  tersebut, kira-kira apa ""agamanya"" ya ...... !!!!?????
Kasih tahu saya dong ..... !!!!!
",Neutral
"@mediagrafika7740 Coba deh anda pikirkan, mereka (pelaku) melecehkan di grup WA tertutup dan rahasia, sedangkan korban melecehkan pelaku di muka umum dan terang-terangan bahkan ada yang merekam segala",VictimBlaming
njirrr edannn😭😭😭😭😭 sorry kak aku gatau,Neutral
"bodoh jangan diumbar malu maluin, ketika mahasiswa hukum terlibat dalam kasus KS, muncul pertanyaan besar mengenai pemahaman mereka terhadap nilai-nilai hukum yang dipelajari di kelas, hukum bukan sekadar teks atau hafalan pasal, melainkan tentang etika dan penghormatan terhadap integritas orang lain, kasus ini menunjukkan adanya jarak yang lebar antara pemahaman akademis dengan praktik perilaku nyata. Ini bukan masalah konyol lagi melainkan kejahatan",Advocacy
sedih banget sebagai cewe..,supportive
"ga bermaksud memanfaatkan keadaan, tapi semoga kalian semua aman, nyaman, diberi keberlimpahan, biaa bangun/renov rumah sendiri.
Kalau ada niatan mau bikin/renov, butuh jasa desain, boleh banget DM yaa, untuk portfolio lengkap😊✨️",Neutral
"Ko ini bisa ke up k sosmed gini? Biasanya di tutup” i ya kasus sperti ini ,, dengan dalih menjaga nama baik kampus",Neutral
"jujur sedih bngt,,peluk jauh buat semua perempuan",supportive
Penjarakan calon predator,Advocacy
"cewe""nya keren bgttttt aku sbg cewe yang DITOLAK SAMA UI, bangga bgt sama kaliaaannnnnn 😍😍😍💗💗💗 buat para korban peluk jauh dari kita kita yang disiniii ya, kita bakal dukung kalian teruss GO GURRLLLLL",supportive
banyak kebetulan yang ke bongkar baru ini,Neutral
Astaghfirullah Ya Allah😭😭😭😭,Neutral
Panggil Orang tuanya sekali,Advocacy
disisi lain ada anak yg pengen kuliah🥺 kenapa sih orang2? aku dulu kerja pgn kuliah walaupun ga kesampaian sampai sekarang rasanya sedih bgtt ada orang yg bisa kuliah tapi ga manfaatin itu🥺,Neutral
​@stroberimanggaapel_1harus selesai bukan berinao inolwh,Neutral
"jujur, ibu nya se kuat itu masi jadi moderator juga :(",supportive
IYAA WOI NGANTUK BGT NUNGGU PRINCESS,Neutral
"kek baca pidato la minta maaf nya, gak lngsung ke inti, yg penting keliatan banyak yang dijelaskan aj",Neutral
Akibat dari tidak ada seleksi ketat masuk perguruan tinggi 😂😂😂,VictimBlaming
"👏🏻👏🏻👏🏻 i really like this way of conveying things, please explain to those who still dont understand why this is being exaggerated.",supportive
"Dimana2, bukan baru sekarang ini, yg berani ngongkapin, rata2 di perguruan tinggi pasti ada pelecehan, sy dulu kuliah di iain, th 80an banyak yg terjadi",Neutral
"ini hanya sedikit dari sisi gelap dunia yang terungkap. masih banyak sisi dunia yang tetap gelap, tanpa diketahui. karena kita hidup di sisi terang.",Neutral
TAAAAAAKKKKKUUUUUUUTTTTT,Neutral
Baru keluar dari goa lu ya🗿,Neutral
gabs berkata² semoga anak² kita dijauhkan dr hal² yg ga baik..,supportive
"enak bgt ya lo ngomong “yaelah maafin aja, namanya manusia”??? gimana klo lo yang ada di posisi korban. pola pikir kayak gini yang bikin pelecehan terus dianggap sepele,, kita sebagai cewek udah ngerasa nggak aman,karna tempat yang SEHARUSNYA kita pakai untuk MENUNTUN ILMU malah meninggalkan trauma dan luka disana,,dan elo masih bisa santai bilang “maafin aja”?? coba pakai otak dan empati sedikit,, lo tau gasih karna lo ngomong begini pelecehan diindonesia dianggap normal dan santai, mikir dong? ;(",Neutral
"Cari aja di pencarian kasus FH UI, intinya ini adalah masalah KS. Btw lagi hot""nya ini kak... search aja langsung",Neutral
"Aku ketinggalan, trus sanksinya apa gaes",Neutral
"Dosen jg jd korban?
Gmn itu ceritanya",Neutral
ada apa ini aku jg gak tau,Neutral
"semua kampus lingkungan pasti ada gasi cuma ga ketuan aja , mangknya kita gabisa nilai org dari sampul nya doang..",Neutral
Kuliah Hukum tapi kelakuannya melanggar Hukum😂 Peak mending tidur aja g usah kuliah... di biayain mahal2 bukannya pinter dan beradab malah dongok,VictimBlaming
"Aamiin, semangat ya❤️",supportive
NJIRRRR NGERAKEUUUUN SIAAA KABEEEEH TEEH MAAF MAAF NGEUNAH WEEH 😠😠😠,Neutral
perlunya dan pentingnya SQ tdk hanya IQ,Advocacy
tapi gacor juga sampe tengah malem banget rapat ini,Neutral
"belum sampai sekarang kak, entah anak pejabat mana pelakunya",Neutral
yang calon sarjana hukum kelakuannya begini plus kelakuan aparat hukumnya juga...waduh ngeri hidup di indonesia,Neutral
"bntu jawab, gatau😁",Neutral
"Pada baperan semua,,,, katanya mahasiswa,,,, diskusilah",VictimBlaming
dunia perkuliahan lgi g baik' aja nih,Neutral
terus lo gak kasian sama korban pelecehannya,supportive
"UI lagii
""Universitas INDONESIA""💔",Neutral
"Mahasiswa2 ini merasa sok super, korban tidak hanya mahasiswa, dosen juga jadi korban. 😮",Neutral
pelecehan itu kaka,Neutral
lu yg gabisa nangkep poin,Neutral
"Buat malu aja, UI looh...",Neutral
km tahan aja komen nya ntar keluar menu nya,Neutral
sampe gemetarn nangis😭,supportive
Urat mlunya GK aplgi otknya,Neutral
mantep nih kaka berani speak up.,supportive
WKWKWKWK 😂😂,Neutral
ladang bisnis,Neutral
"nyerah nnton di set 3, dan yap kesiangan bngun jam 8",Neutral
FAV BESYONK KTA 😜💜💜,Neutral
lah kasus beda lagi dengan yang chat wa group???,Neutral
check story😏,Neutral
"minta maaf karena ketauan, bukan menyesal🤷‍♀️🤷‍♀️",Neutral
mreka bikin grup wa buat bahas s*ks atau pel*cehn s*ks gitu kak,Neutral
"Pantesan lulusan UI sekarang nggak kredibel, kelas si Gerung di jadikan dosen!",Neutral
"calon calon, menghancurkan negara",Neutral
yang cewe itu korbanya kah?,Neutral
ya berarti ruak moral,Neutral
"Tolong untuk semua HRD, catat 16 org dr fakultas Hukum UI, utk tidak diterima kerja di perusahaan manapun, termasuk rekam jejak digital nya
Blacklist dulu yg dr alumni UI fakultas hukum",Advocacy
"bisa jadi emang pada pinter kak, itulah mengapa adab itu selalu diatas ilmu",Neutral
"Makin banyak oenegak hukum melangar hukum, maka aka  disusul calon penegak hukum yg mencoba praktek bagaimana jadipenegak hukum melanggar hukum.",Neutral
Sakit sakittt😩😭😭😭,Neutral
iya synk parah ya,Neutral
batu jawab katanya pelecehan se*ual,Neutral
di x jg banyak yg spill ortu mereka mencoba melindungin,Neutral
"16 mahasiswa UI melakukan pelecehan kepada teman, dosen dan bnyak lgi melalui grup chat, kurang lebih gitu ka",Neutral
"itu mahasiswa dari fh ui, ngelakuin pelecahan lewat",Neutral
@badyapppp @Dev @🤍🐣,Neutral
stop denger lany,Neutral
oh kr1sten,Neutral
kasus apa si ko ketinggalan gua padahal scrol dari tadi pagi,Neutral
Halah mereka gak bakal ngapa ngapain. Dari dulu UI jelek,Neutral
btw ini live tiktok di salah satu akun mahasiswa fh ui. aku nonton pas jam 2 pagi. kemungkinan live nya dari sebelum jam 2,Neutral
Fakultas Hukum...UI..... Astaghfirullah...,Neutral
"UI itu sebagian cermin kampus indonesia karena sebagian masalah, prestasi dsb ada dikampus lain juga sayangnya. Bedanya di UI lebih teradvokasi karena budaya metropolitan jakarta lebih frontal:)",Neutral
itu baca caption ga,Neutral
Wajid di pidanakan lah agar yang lain tak ikut meniru,Advocacy
kuliah mahal2 malah dibuat main2,Neutral
"pendidikan ga menjamin adab, agama ga menjamin moral",Neutral
"Kalo nanti sampai jadi pejabat hukum bisa bahaya nih, dikit2 minta suap pakai uang + minta WTS, habis perkara ! Ajor Cok !",Neutral
"itu knp kaka"" gw ga paham + baru liat🙏🙏",Neutral
rapih amat yaa baju nya kek masa depan nya terjamin aja,Neutral
hahh dosen?!😭😭,Neutral
Belajar hukum utk membela yg lemah/ bersikap adil... Jangan berbuat yg membuat masyarakat meragukan kualitas mu,Advocacy
"Ya bener, mereka kalau demo seolah olah orang paling suci",Neutral
iya ih cakep,Neutral
@youknowshaa_🍵 😭😭,Neutral
"totally agree, mahasiswa fh ui udah bagus keren mereka menyuarakan mendukung para korban sampe rela ikut sidang dari jam 5 sore sampe jam 3 pagi buat dapetin keadilan untuk seluruh korban, tapi yang jadi masih pertanyaan nya apakah pihak kampus bisa memberikan sanksi yang setimpal untuk para pelaku? (misal di DO) hasil akhir dari kasus ini bener bener penentu gambaran hukum di negara kita bakal kayak gimana kedepan nya, udah mah kampus ini tuh bukan sekali dua kali menutupi kasus dan para tersangka, kasus akseyna yang sudah 1 dekade lebih aja sampe sekarang masih pada bungkam kan pihak kampus? walaupun para mahasiswa UI pun selalu mengadakan peringatan kematian akseyna tapi petinggi petinggi di kampus nya masih aja tutup mata",Advocacy
Lihat videonya ini jg emosi,Neutral
"ngaco lo. anak gw kterima mandiri PTN lo kira dia ga belajar mati2an. les sana sini, les online. kluar uang buat beli buku. jangan lo sama ratakan semua orang hanya krn dia dtrima jalur mandiri. bayar ukt nya aja sllu plg akhir nunggu uang terkumpul. Mandiri bukan melulu tentang uang, tp takdir Allah.",Neutral
ya terus apa kalo bukan minta maaf njr😹,Neutral
melakukan pelecehan terhadap wanita di group chat,Neutral
Tapi si korban emang terlalu dibesar besarkan sih. Susu nya mksud sy 😮,VictimBlaming
yang mana kk😭 dosen nya,Neutral
"izin menjawab pelecehan, dosen di ui kk",Neutral
Kawal kasus ne supaya eng ad gi k jdian kasus sexsual,Advocacy
kata kata yg sering di keluarin😭😭,Neutral
pelecehan korban mahasiswa dan dosen,Neutral
"ini awalnya live biasa atau emg udh gini ges?
ketinggalan info weh😭",Neutral
"plchn yang dilakukan 16 mahasiswa FH UI kak, korbannya mahasiswi, bahkan smpe dosen² nya",Neutral
Iya apalagi si munif ih,Neutral
"Ya mereka kuliah di salah satu Univ terbaik, ya patut lah mereka sombong... Yg anehh mereka yg nggak kuliah malah sombong dan meremehkan yg kuliah.. Itu baru aneh 😹. Yg katanya percuma kuliah tapi nyari kerja susah... Tapi mereka mengeluh pendapatan mereka nggak sesuai dengan yg Sarjana... 🤣😹",Neutral
Gak ada rasa penyesalan dari wajah pelakunya..🤔mereka malah dongakan  wajah ke atas atau ke samping bukan nya nunduk ya ...,Neutral
denger denger yg publish salah satu dari 16 org itu namanya munif,Neutral
apapun ada di negeri ini,Neutral
Aamiin Allohumma Aamiin,Neutral
"Yg olok"" temenya kyak gak pernah ngelakuin dosa aja. Semua manusia punyak aib hanya saja Allah masih menutupinya",Neutral
plenger bgt pls😭😭,Neutral
kaya nya anak2 orang kya kak jd berani😭,Neutral
kalau gak di DO terus diapain hei? kebayang gak perempuan2 disana terutama korbannya bakal gmn perasaannya harus satu kelas dan belajar bersama mereka para pelaku? dan juga para dosen yg korban juga? apa harus mertahanin perasaan 16 pelaku dibanding semua perasaan korban2? jujur gw gak kebayang sih harus ada di posisi korban yg harus tetap liat muka pelaku tiap harinya,supportive
kasus pelecehan di fakultas hukum UI ka,Neutral
"sumpah ngeri banget kan, calon penegak hukum malah jadi pelaku pelanggar hukum",Neutral
Bem itu daripada Demo tolong di bina mahasewa mesum.,Advocacy
"setujuuu, disitu kaya langsung keluar semua apa yang dihati gue, walaupun gue bukan korban, tapi bener kata kakanya, sebagai cewek ngga ngerasa aman banget ternyata😭sakittt",supportive
"Cba dehhh priksa jga noh fakultas undiv,,,smga korban2 plecehn di undiv brani brsuara",Advocacy
Mereka pelaku adalah   calon calon PEMERKOSA .,Neutral
Belum jadi apa2 sudah jadi penjahat apalagi kalau sudah jadi pengacara bahaya,Neutral
"BANGG AWAS VT NYA DISURUH TAKEDOWN, soalnya tadi pagi saya komen di salah satu vt tentang kasus ini (viewers banyk) dan sekarang vt nya udah di hapus (hilang)",Neutral
"Kau ini IQ jongkok 
Yg protes kebijakan ngutang Jokowi yah dah benar itu..krna itu terbukti bikin rakyat skrng nyungsep ke gorong2 😅😅",Neutral
"yg miris nya lagi masuk medsos
kenapa tidak di japri orangtua
pihak Universitas tersangka dan korban,. sayang sekali masa depan kalian semua jadi hancur akibat kelakuan buruk memalukan Universitas jadi jelek",Neutral
"kalo nanti ngga ada titik terangnya, inget, kan ada yg bokapnya isilop, di UI kan juga banyak yg jual bangku, lu kira tamtama TNI POLRI doang yg jual sawah, di UI juga ada jual bangku buat anak pejabat bosss 😹",Neutral
minimal bahas empati KA. bukan poin cakep ny😅,supportive
"Tp jujur grup laki laki chat itu emang isinya itu gasii, tp konsumsi dilingkup mereka aja",Neutral
Gk berani DO soalnya nunggu di tf orang tuanya dulu😂,Neutral
korbannya mungkin,Neutral
"Lumrah sih, di dunia cowok. Normal... Emang jaman nya aja yg apa2 di viralin... Trus di kampus ternama lagi. 😂😂😂",VictimBlaming
iya ka sma😭,Neutral
Siapa yg cepuin chatnya yah?,Neutral
PELAKU  DIBERI PILIHAN  -DO APA PIDANA SEKALIGUS CUTI 4 SEMESTER,Advocacy
jadi cewe tu ga aman bgt ya :(,supportive
coba misal adek atau kakak perempuan lo jadi salah satu yang diomongin di grup itu jadi korban KS nya masih bisa gak lo komen begini????,supportive
Sumpah gue skip semalam gue kira lagi seminar😭,Neutral
@cloudsy4 @hey.loo @Blubuppersss @-Hm @🐳,Neutral
"Catat nama2nya, jgn sampai suatu saat mereka berkarir di dunia HUKUM.",Advocacy
"yg ada, jangan sampe ni kasus ketutup sm kasus lain",Advocacy
"pelecehan ktanya say, Klo baca komentar mh",Neutral
Pengakuan: Para terduga pelaku secara sukarela mengakui perbuatan mereka dan meminta maaf melalui grup angkatan sebelum kasus ini meledak di publik,Neutral
pdhl bapak korban juga bukan ecek²,Neutral
small mistake? bilang itu ke korbannya coba,supportive
"Sekali lagi, pentingnya adab diatas ilmu. Contohnya udah banyakkkkkk",Neutral
ini jam brpa kemaren,Neutral
"Dimana mau letakkan muka, harakiri saja",Neutral
percuma ckp otaknya bkp😹😹,Neutral
oh pelecehan kata2 massal di chet group,Neutral
"Apaan sih hubungi ke demo,emang ini mewakili UI apalagi BEM apa??kasian amat lu ga nyambung,buktinya mereka dibenci tuh rame2 karna otaknya kayak termul",Neutral
Bukti bahwa ilmu tanpa moral sia sia,Neutral
@fy @🐦‍⬛ 😭😭😭,Neutral
CPNS 2026 dominasi SMA saja usia maksimal 37,Neutral
Inilah masa depan Indonesia,Neutral
padahal chat2 begini biasa aja digrup WA  kok dipermasalahkan,VictimBlaming
"semangat girls, jangan takut, kita dukung🥰🥰",supportive
Duduk masalahnya gimana ya? Ini mahasiswa mengancam mahasiswa lain apa gimana?,Neutral
Yang teriak² itu apakah tidak mempunyai Dosa?,VictimBlaming
Harga diri harus dijaga apapun alasannya!! Paham kan.,Neutral
yg jdi korban nya yg mana? 😭,Neutral
Cuma saran. Daripada malu berkepanjangan. Sebaiknya. Dua orang ini Keluar dari UI aja😅.,Advocacy
"Mundur jadi mahasiswa universitas Indonesia bikin malu sudah,adab nya kemana",Neutral
"KELAKUAN GEN Z, ngeri guys wkkwkwk",Neutral
Pecat semua yg terlibat dan bawa ke pengadilan secara jujur dan dihukum.,Advocacy
"indonesia ni ya dari segi :
Keamanan hancur
hukum hancur
pendidikan hancur
kesehatan hancur
asli negara parah",Neutral
untuk kalian yang belum tau kasus verbal coba cari di google. jadi inti kasus mereka bikin grup pelecehan dan penghinaan gitu kurang lebih 🙏🏻kalo salah koreksi,Neutral
"Sudah terbayangkan bagamana masa depan Indonesia kedepan.??
Para pejabat yg korup dn tak bisa mnjadi contoh baik bgi generasi muda.
Persis,bagaimana kampus ini mencetak cendikiawan2 dn akademisi layaknya negeri ini yg melahirkn pahlawan2 dn tokoh2 bangsa terbaik,namun sekarang d hancurkn oleh segelintir mahasiswa yg kehilangan adab dn malu layaknya negeri ini yg d hancurkn oleh manusia2 rakus tak punya malu.
Sekarang,ilmu dn adab adalah sumber daya yg langka d negeri ini,layaknya kepercayaan masayarakat kpd para pejabat yg begitu sulit d temukan d negeri yg luas ini.",Neutral
"Yg pada komen muter”/ nggak ngerti yg dijelasin andovi. Nih gua kasih tau, point yg dia bilang : SEBAGAI FAKULTAS HUKUM TERBAIK DI INDONESIA, UI HARUS BERTINDAK DENGAN BENAR ATAS KASUS INI KARENA PASTI ADA TEKANAN DARI ORG TUA MURID YG DIMANA ORG TUA MURID ITU “ORG PENTING/PEJABAT” KALO SAMPE UI TIDAK MENGAMBIL LANGKAH PENYELESAIAN YANG TEPAT BERARTI ADA YANG SALAH DENGAN HUKUM DI INDONESIA. SECARA FAKULTAS HUKUM TERBAIKNYA TIDAK MEMBERLAKUKAN HUKUM DENGAN BENAR, ADIL DAN TRANSPARAN. Masa gitu aja pada ga ngerti?",Neutral
Makanya mahasiswa banyak yg disikat aparat karna bodoh,Neutral
mksdnya nm dia ( dosen ) di sebut d percakapan kak bukan dia nya yg msk di grup,Neutral
NAMA UNIVERSITAS INDONESIA...SANGAT MEMALUKAN NEGARA...BUBARKAN SAJA UNIVERSITAS INDONESIA,Neutral
"wah iya memang bener, mantap",Neutral
itu korban nya ??? Maaf nanya 🙏,Neutral
Siapa saja yg melakukan pelecehan seksual d hukum jambuk,Advocacy
lagi' ketinggalan berita🗿,Neutral
"pertanyaan gua ""siapa yg nyebarin chatnya""??",Neutral
kumpulan anak stan,Neutral
"perasaaan aku liat tik tok ga pernah telat kok ini ketinggalan jauh ,tolong dong jelasin ini kenapaa",Neutral
Betull kak karna kuasa orang tua,Neutral
Di kampusnya ada satgas PPKPT kan?,Neutral
Mau jalan ke Mad Coffee ya dov?,Neutral
"tolong lah buat para rektor, dosen siapapun yg bertanggung jawab atas kenyamanan mahasiswa/i di kampus
tingkatkan pelajaran tentang adab,, jgn cuma bangga dgn ilmu,, karena adab lbh tinggi dr pd ilmu,, biar kami para org tua yg punya anak perempuan yg baru mau kuliah merasa tenang,nyaman dan supaya kami tdk khawatir, mohon buat semua kampus tingkatkan adab mahasiswa nya,,semoga kasus ini jd pelajaran buat semua",Advocacy
"sumpah marah"" tuh ga bikin lega 😭😭 tpi ga marah malah makin maraaah 😭 peluk semua cwee 😭",supportive
neraka mungkin kak,Neutral
"ini bukan masalah terima atau tidak bang, mereka masih dalam tahap belajar yang kedepan akan menjadi orang hebat di negeri ini, jadi moral mereka dibina dari sekarang atau dibinasakan jika tidak mau berubah",Neutral
"Lapor polisi tetap, terkait cybercrime",Advocacy
"Entitas itu mendukung ketiadaan ks di lingkungan pendidikan, langsung saja hukum seberat-beratnya. Misal dihukum minta maaf dan patsus 3 pekan yang sungguh sangat amat setimpal. Bravo",Neutral
Rata rata Muhammad 😂,Neutral
"ortu mana dulu kak kalo ortu korban jelas kasihan tapi kalo ortu pelaku mereka malah melindungi pelaku dan sebelum para pelaku keluar semua 16 orang itu yang keluar cuma 2 dikarenakan orang tua dari 2 pelaku tersebut ga hadir dan orang tua pelaku sisanya malah ngelarang sisa pelaku disidang dan di umpetin di suatu ruangan, banyak kak vidionya beredar di x",Neutral
Usut tuntas,Advocacy
"baru buka tiktok eh lngsng ketinggalan berita,fiks gua gaboleh ninggalin tiktok..",Neutral
"Gak cukup dengan DO, harus di-blacklist di semua kampus",Advocacy
"Sebaiknya pihak UI tidak meloloskan para mahasiswa tsb untuk lulus, walaupun nilai akademiknya bagus, sebab kalau sampai berprofesi akan menghancurkan marwah lembaga hukum",Advocacy
live dimana kak akunnya?,Neutral
Luar biasa sampe ada dosen yg menjadi korban...,Neutral
"istilah mahasiswa dikeluarkan dari universitas dan dihapus namanya itu DO (Drop Out), pakdhe",Neutral
Kayak gitu terus muter2,Neutral
"harusnya berani dong, kan belajarnya hukum",Neutral
Do jalan terbaik,Advocacy
"setau aku pelaku ga cuma melakukan ks sama mahasiswa aja, tp dosennya juga cmiiw",Neutral
nunggu 14 orang tidur di atas 😶,Neutral
"Tebakan saya, besok entah DPR atau Pemerintah akan mengesahkan peraturan atau UU tertentu. Seperti, USA bebas mengakses kawasan udara Indonesia.",Neutral
"peluk jauhh buat para korban, semangatt yaaaa💗",supportive
kronologi nya apa soalnya belum tau,Neutral
Psikis cok 😂😂😂 kebalik lu 😂😂😂,Neutral
UNTUK MAHASISWA UI YANG KELUAR KULIAH SILAHKAN KULIAH DI ISRAEL AJA BIAYA DITANGGUNG ISRAEL NANTI KELUAR JADI MOSSAD,Neutral
"dia minta maaf bukan karna menyesal tapi karna ketauan, lebih penting adab dari pada ilmu karna yg beradab sudah pasti berilmu",Neutral
"mereka minta maaf karena udah viral, bukan karena mereka menyadari kesalahannya",Neutral
kasih sanksi sosial buat para pelaku pelecehan,Advocacy
Hah maksudnya apa kak? Salah satu pelaku kah?,Neutral
ini yg sapa,Neutral
iyaa jirr ada apsi ya 😭😭,Neutral
Gimana klo sodara lo digituin.,supportive
😂😂 mantab ui 👍👍👍 teruskan karyamu  !!,Neutral
"merinding ihh pgnn nangis bgttt, peluk buat kita perempuannn",supportive
Kenapa nyalahin UI justru bagus Ada kasus langsung cepat di atasi ..,Neutral
"Kalau menurut saya mereka normal mungkin ada yg bikin mereka sangek huahhahaha,lelaki normal memang bgtu sangek an kwkwk",VictimBlaming
"Pendidikan di kampus lagi sakit parah, mau cari ilmu kok gini amat,hilang kepercayaan masarakat kepada kampus",Neutral
poster apa sih yang ditempel,Neutral
"Setuju, padahal dijalan2 banyak orang asal ngomong asal jeplak tapi ya ga diproses... ini cuman sanksi sosial yang berlebihan kecuali kalau mereka itu maen tangan atau maen fisik. Seharusnya cukup internal saja dan panggil orang tua masing2 untuk dilakukan pembinaan",VictimBlaming
"Alumni UI yang udah jadi ""orang"" mana tanggapannya? Diwawancarai dong alumninya ...!😂 Sekelas Universitas Negeri kok bisa mahasiswanya gada ahlak! Pantesan di sosial media sering ada kecurigaan tentang  ijazah bisa dibeli. Jangan salahin netzen kalo timbul kecurigaan, sebab kalian sendiri yang mulai. 🤪",Neutral
Yang gini merusak nama kampus,Neutral
Lha dosennya saja Roki gerung😂😂,Neutral
jadi lu ganteng lu aman gitu?,Neutral
Mlenthus nok,Neutral
"​@studiofm6236 korabnnya dari fh ui, dosennya jg orang fh ui, lu ngerendahin mereka juga dong? Otak dimana ya?",Neutral
"Memalukan !, bagaimana jadinya jika menjabat.",Neutral
Bisakah dipidanakan?,Neutral
idi ot asli,Neutral
"ihh inii kenapaa kaa pliss ndaa tauu ,padahall 24 jam bukaa tt tetapp ajaa ketinggalann😭😭",Neutral
Korbannya masih sehat? Bisa sekolah dan kerja kan? Ada cacat fisik kah?,VictimBlaming
kita kawal kasusnya,Advocacy
duuhc UI lagi😢,Neutral
ini korban?,Neutral
"izin nanya kenapa kok dibilang kekerasan seksual? apa ad korban yg dilecehkan secara fisik? ato dichat cabul? kok ke digoreng2 gitu ya, dri yg gua liat it group private lgi becanda emg candaan udh berlebihan mkanya mrk private yg bsa nerima joke itu ajkan tpi ternyata tidak mlh ad yg cepu aturan sicepu ini malah bsa kena uu ite nyebarin chat privasi",VictimBlaming
Masakan ucapan begitu di anggap pelecehan,VictimBlaming
"Mungkin generasi kita sudah kurang bermoral, harus di ajarkan lagi moral ke generasi penerus",Neutral
"kak sukses ga harus kuliah, ingin berpendidikan ga harus kuliah, aku tau KK nya ingin kuliah aku dulu jg tidak di izin in kuliah+ekonomi ga mendukung.. Tpi hidup ttp harus jalan dan yaa saat itu aku merantau dan aku bisa masuk kantor an tanpa harus kuliah hanya lulusan SMA... jdi semangat semoga kamu sukses walau tidak kuliah",Neutral
"pantesan penjabaran lu komprehensif bang, ternyata lu alumni, baru ingat klo lu temannya andovi",Neutral
di DO lalu proses secara hukum,Advocacy
bakalan di DO gak neh @Universitas Indonesia,Advocacy
"sepakat, mereka calon orang-orang hukum yang akan menjadi representasi dikemudian hari, kalo masalah ini aja ga bisa diatasi akan berdampak buruk kedepannya",Neutral
gimana ya reaksi ortunya 😔,Neutral
"DARII FH LAGII, GA HABIS FIKRII😔😔😔",Neutral
"konteknysa ini yg salah adalah personal bu, bukan universitas nya. ini termasuk caat berfikir/kurang moral dari personal",Neutral
sudah terjadi kak 😭 Buktinya hukum disini makin bobrok,Neutral
"harusnya bukan termasuk inside jokes ya, karena melibatkan orang lain sebagai objek...",supportive
aku aja sampai sekarang gak bisa relate sama orang yang cinta2an di lingkungan pendidikan bahkan walaupun itu cuma crush. kampus/sekolah itu genrenya horror dan stres. ini sampai ks ke dosen. pada kenapa sihhh 😭,Neutral
Anak kuliahan 90an ketawa aja liat orang jaman sekarang😂 sayang aja dulu ngga ada sosmed😅,Neutral
"""sosial"" 😹",Neutral
"Pelecehan verbal di grup WA tertutup dan privat. Di grup itu hanya ada pelaku, tidak ada korban. Namun, malah ada bocorin isi grup WA. 
Ya, semacam menggosip lah",VictimBlaming
Aku diajarin donk 😅😅😅,Neutral
"Apalagi sih? Pada kuliah di universitas yg di subsidi pemerintah malah bikin masalah...DO aja langsung, blacklist di kampus2 se-Indonesia",Advocacy
Sangat memalukan 16 manusia bejat.,Neutral
"makan gorengan 3 biji, tapi waktu bayar ngakunya makan 5",Neutral
"Kampus terkenal,bikin malu",Neutral
"jangan gini prosesnya, ini kesusilaan, korban harus dilindungi bahkan identitasnya, ini malah dibuka kaya gini, hadeuh, katanya fakultas hukum terbaik, malah ga ngerti penanganan perkara kesusilaan",Advocacy
